rank,requested,taxonomy_status,scientific,model_scientific,model_common,key,note,asset_status,plate,historical_title,match_basis,source_page,institution_record,license_status,crop_status,source_local,source_download,source_sha256,artwork_status,shipped_source_page
1,Northern Cardinal,exact common name,Cardinalis cardinalis,Cardinalis cardinalis,Northern Cardinal,cardinalis-cardinalis,,source downloaded - NOT a finished asset,159,Cardinal Grosbeak,historical-title candidate; verify on institution page,https://www.audubon.org/art/birds-of-america/cardinal-grosbeak,https://historicpittsburgh.org/islandora/object/pitt%3Aaud0159,unverified - check exact scan,not reviewed,sources/159.jpg,https://media.audubon.org/boa_illustration/plate-159-cardinal-grosbeak.jpg,38303464a31482a39df93f5e1b59deb2e829b68b6dd834f29909e039924ef7be,present,https://media.audubon.org/boa_illustration/plate-159-cardinal-grosbeak.jpg
2,Northern Mockingbird,exact common name,Mimus polyglottos,Mimus polyglottos,Northern Mockingbird,mimus-polyglottos,,source downloaded - NOT a finished asset,21,Mocking Bird,historical-title candidate; verify on institution page,https://www.audubon.org/art/birds-of-america/mocking-bird,https://historicpittsburgh.org/islandora/object/pitt%3Aaud0021,unverified - check exact scan,not reviewed,sources/021.jpg,https://media.audubon.org/boa_illustration/plate-21-mocking-bird.jpg,ca392e12cff70a29cc063c0bb9e4c7f1eb4e6f1f07a711773f55a0fd2a2c1798,present,https://commons.wikimedia.org/wiki/File:21_Mocking_Bird.jpg
3,White-winged Dove,exact common name,Zenaida asiatica,Zenaida asiatica,White-winged Dove,zenaida-asiatica,,needs source,,,,,,,,,,,present,https://commons.wikimedia.org/wiki/File:The_birds_of_America_(Pl._496)_(8595340898).jpg
4,Mourning Dove,exact common name,Zenaida macroura,Zenaida macroura,Mourning Dove,zenaida-macroura,,source downloaded - NOT a finished asset,17,Carolina Pigeon,historical-title candidate; verify on institution page,https://www.audubon.org/art/birds-of-america/carolina-pigeon,https://historicpittsburgh.org/islandora/object/pitt%3Aaud0017,unverified - check exact scan,not reviewed,sources/017.jpg,https://media.audubon.org/boa_illustration/plate-17-carolina-pigeon.jpg,40908a3cec2ec8f736d34dd63c7b64c294a9c67cab64c55ba77c663bba931250,missing,
5,Rock Pigeon,exact common name,Columba livia,Columba livia,Rock Pigeon,columba-livia,,existing upstream,,,,,,,,,,,present,https://commons.wikimedia.org/wiki/File:GouldBirdsEuropeIVRock_Dove.jpg
6,Eurasian Collared-Dove,exact common name,Streptopelia decaocto,Streptopelia decaocto,Eurasian Collared-Dove,streptopelia-decaocto,,existing upstream,,,,,,,,,,,present,https://commons.wikimedia.org/wiki/File:Onze_vogels_in_huis_en_tuin_(12238985825).jpg
7,Blue Jay,exact common name,Cyanocitta cristata,Cyanocitta cristata,Blue Jay,cyanocitta-cristata,,existing upstream,102,Blue Jay,exact catalog title; still requires visual check,https://www.audubon.org/art/birds-of-america/blue-jay,https://historicpittsburgh.org/islandora/object/pitt%3Aaud0102,unverified - check exact scan,not reviewed,,,,present,https://media.audubon.org/boa_illustration/plate-102-blue-jay.jpg
8,Carolina Chickadee,exact common name,Poecile carolinensis,Poecile carolinensis,Carolina Chickadee,poecile-carolinensis,,source downloaded - NOT a finished asset,160,Carolina Titmouse,historical-title candidate; verify on institution page,https://www.audubon.org/art/birds-of-america/carolina-titmouse,https://historicpittsburgh.org/islandora/object/pitt%3Aaud0160,unverified - check exact scan,not reviewed,sources/160.jpg,https://media.audubon.org/boa_illustration/plate-160-carolina-titmouse.jpg,c3fb49debf41e7994863bbf6d2867a1506c2b30003db9a39c252f89abd212585,present,https://commons.wikimedia.org/wiki/File:The_birds_of_America_(Pl._127)_(8569740762).jpg
9,Carolina Wren,exact common name,Thryothorus ludovicianus,Thryothorus ludovicianus,Carolina Wren,thryothorus-ludovicianus,,source downloaded - NOT a finished asset,78,Great Carolina Wren,historical-title candidate; verify on institution page,https://www.audubon.org/art/birds-of-america/great-carolina-wren,https://historicpittsburgh.org/islandora/object/pitt%3Aaud0078,unverified - check exact scan,not reviewed,sources/078.jpg,https://media.audubon.org/boa_illustration/plate-78-great-carolina-wren.jpg,948de271209d4e86eff411821af6968ca37d30fa44676782f7063f0a9351d5bb,present,https://commons.wikimedia.org/wiki/File:78_Great_Carolina_Wren.jpg
10,House Wren,exact common name,Troglodytes aedon,Troglodytes aedon,House Wren,troglodytes-aedon,,source downloaded - NOT a finished asset,83,House Wren,exact catalog title; still requires visual check,https://www.audubon.org/art/birds-of-america/house-wren,https://historicpittsburgh.org/islandora/object/pitt%3Aaud0083,unverified - check exact scan,not reviewed,sources/083.jpg,https://media.audubon.org/boa_illustration/plate-83-house-wren.jpg,a57e6d1543a32ff63f727f27ae96da3f2162d263533efd56feb93404ec67daa5,present,https://commons.wikimedia.org/wiki/File:83_House_Wren.jpg
11,Bewick's Wren,exact common name,Thryomanes bewickii,Thryomanes bewickii,Bewick's Wren,thryomanes-bewickii,,source downloaded - NOT a finished asset,18,Bewick's Wren,historical-title candidate; verify on institution page,https://www.audubon.org/art/birds-of-america/bewicks-wren,https://historicpittsburgh.org/islandora/object/pitt%3Aaud0018,unverified - check exact scan,not reviewed,sources/018.jpg,https://media.audubon.org/boa_illustration/plate-18-bewicks-wren.jpg,8669df456a96fefb1206365037eeafab989ce22e79990eedc06263f05eef1156,present,https://commons.wikimedia.org/wiki/File:18_Bewick%27s_Wren.jpg
12,Tufted Titmouse,exact common name,Baeolophus bicolor,Baeolophus bicolor,Tufted Titmouse,baeolophus-bicolor,,source downloaded - NOT a finished asset,39,Crested Titmouse,historical-title candidate; verify on institution page,https://www.audubon.org/art/birds-of-america/crested-titmouse,https://historicpittsburgh.org/islandora/object/pitt%3Aaud0039,unverified - check exact scan,not reviewed,sources/039.jpg,https://media.audubon.org/boa_illustration/plate-39-crested-titmouse.jpg,b99d6e0877db6d8c8d32feabc0663715ddbd38f91bceb057ffeca1dbbddb98d2,present,https://commons.wikimedia.org/wiki/File:39_Crested_Titmouse.jpg
13,Black-crested Titmouse,exact common name,Baeolophus atricristatus,Baeolophus atricristatus,Black-crested Titmouse,baeolophus-atricristatus,,needs source,,,,,,,,,,,missing,
14,Great-tailed Grackle,exact common name,Quiscalus mexicanus,Quiscalus mexicanus,Great-tailed Grackle,quiscalus-mexicanus,,needs source,,,,,,,,,,,missing,
15,Common Grackle,exact common name,Quiscalus quiscula,Quiscalus quiscula,Common Grackle,quiscalus-quiscula,,source downloaded - NOT a finished asset,7,"Purple Grakle, or Common Crow Blackbird",historical-title candidate; verify on institution page,https://www.audubon.org/art/birds-of-america/purple-grakle,https://historicpittsburgh.org/islandora/object/pitt%3Aaud0007,unverified - check exact scan,not reviewed,sources/007.jpg,https://media.audubon.org/boa_illustration/plate-7-purple-grakle.jpg,bf6238d32aa4e1eb6322ef6234329d4cd6e3f9cb6c93e1e7a432cce362a84a08,present,https://commons.wikimedia.org/wiki/File:7_Purple_Grakle_or_Common_Crow_Blackbird.jpg
16,Brown-headed Cowbird,exact common name,Molothrus ater,Molothrus ater,Brown-headed Cowbird,molothrus-ater,,source downloaded - NOT a finished asset,99,Cow-pen Bird,historical-title candidate; verify on institution page,https://www.audubon.org/art/birds-of-america/cow-pen-bird,https://historicpittsburgh.org/islandora/object/pitt%3Aaud0099,unverified - check exact scan,not reviewed,sources/099.jpg,https://media.audubon.org/boa_illustration/plate-99-cow-pen-bird.jpg,aefe7e5817ec8e8b784d3f31d2953f3d5ea1d1e6961f7687266fdae3d2f91d03,missing,
17,Red-winged Blackbird,exact common name,Agelaius phoeniceus,Agelaius phoeniceus,Red-winged Blackbird,agelaius-phoeniceus,,source downloaded - NOT a finished asset,67,"Red winged Starling, or Marsh Blackbird",historical-title candidate; verify on institution page,https://www.audubon.org/art/birds-of-america/red-winged-starling,https://historicpittsburgh.org/islandora/object/pitt%3Aaud0067,unverified - check exact scan,not reviewed,sources/067.jpg,https://media.audubon.org/boa_illustration/plate-67-red-winged-starling.jpg,e8d54414bcf90f5d7e7ee85929132a610bc53ff24a8547c02e0ff7bed6a2f1e0,present,https://commons.wikimedia.org/wiki/File:67_Red-winged_Starling_or_Marsh_Blackbird.jpg
18,House Sparrow,exact common name,Passer domesticus,Passer domesticus,House Sparrow,passer-domesticus,,existing upstream,,,,,,,,,,,present,https://commons.wikimedia.org/wiki/File:Bird_illustration_from_Svenska_F%C3%A5glar_(Swedish_Birds)_by_the_von_Wright_brothers_from_rawpixel%27s_original_edition_of_the_publication_00220.jpg
19,House Finch,exact common name,Haemorhous mexicanus,Haemorhous mexicanus,House Finch,haemorhous-mexicanus,,needs source,,,,,,,,,,,present,https://commons.wikimedia.org/wiki/File:424_I._Lazuli_Finch_-_2._Crimson-necked_Bull-Finch_-_3._Gray-crowned_Linnet_-_4._Cow-pen_Bird_-_5._Evening_Grosbeak_-_6._Brown_Longspur.jpg
20,American Goldfinch,exact common name,Spinus tristis,Spinus tristis,American Goldfinch,spinus-tristis,,source downloaded - NOT a finished asset,33,American Goldfinch,exact catalog title; still requires visual check,https://www.audubon.org/art/birds-of-america/american-goldfinch,https://historicpittsburgh.org/islandora/object/pitt%3Aaud0033,unverified - check exact scan,not reviewed,sources/033.jpg,https://media.audubon.org/boa_illustration/plate-33-american-goldfinch.jpg,6664a1268fba77af0e307ad5b79b60b527b9b30f9c4ee4e8b07811945ee08f66,missing,
21,Lesser Goldfinch,exact common name,Spinus psaltria,Spinus psaltria,Lesser Goldfinch,spinus-psaltria,,needs source,,,,,,,,,,,present,https://commons.wikimedia.org/wiki/File:400_I._Arkansaw_Siskin_-_2._Mealy_Red-poll_-_3._Louisiana_Tanager_-_4.Townsend%27s_Finch_-_5._Buff-breasted_Finch.jpg
22,Cedar Waxwing,exact common name,Bombycilla cedrorum,Bombycilla cedrorum,Cedar Waxwing,bombycilla-cedrorum,,source downloaded - NOT a finished asset,43,Cedar Bird,historical-title candidate; verify on institution page,https://www.audubon.org/art/birds-of-america/cedar-bird,https://historicpittsburgh.org/islandora/object/pitt%3Aaud0043,unverified - check exact scan,not reviewed,sources/043.jpg,https://media.audubon.org/boa_illustration/plate-43-cedar-bird.jpg,aaadcf042b7385d2759bb75782525790896d891ae9dfacd81c4ccef5d104cfd9,missing,
23,American Robin,exact common name,Turdus migratorius,Turdus migratorius,American Robin,turdus-migratorius,,existing upstream,131,American Robin,exact catalog title; still requires visual check,https://www.audubon.org/art/birds-of-america/american-robin,https://historicpittsburgh.org/islandora/object/pitt%3Aaud0131,unverified - check exact scan,not reviewed,,,,present,https://commons.wikimedia.org/wiki/File:GouldBirdsEuropeIIMigratory_Ouzel.jpg
24,Eastern Bluebird,exact common name,Sialia sialis,Sialia sialis,Eastern Bluebird,sialia-sialis,,source downloaded - NOT a finished asset,113,Blue-bird,historical-title candidate; verify on institution page,https://www.audubon.org/art/birds-of-america/blue-bird,https://historicpittsburgh.org/islandora/object/pitt%3Aaud0113,unverified - check exact scan,not reviewed,sources/113.jpg,https://media.audubon.org/boa_illustration/plate-113-blue-bird.jpg,9e59bf65842a540c70ecc4d05aeea8e35218b4a7918340df5781498920f9874a,present,https://commons.wikimedia.org/wiki/File:113_Blue-bird.jpg
25,European Starling,exact common name,Sturnus vulgaris,Sturnus vulgaris,European Starling,sturnus-vulgaris,,existing upstream,,,,,,,,,,,present,https://commons.wikimedia.org/wiki/File:GouldBirdsEuropeIIIStarling.jpg
26,Black Vulture,exact common name,Coragyps atratus,Coragyps atratus,Black Vulture,coragyps-atratus,,source downloaded - NOT a finished asset,106,"Black Vulture, or Carrion Crow",historical-title candidate; verify on institution page,https://www.audubon.org/art/birds-of-america/black-vulture-or-carrion-crow,https://historicpittsburgh.org/islandora/object/pitt%3Aaud0106,unverified - check exact scan,not reviewed,sources/106.jpg,https://media.audubon.org/boa_illustration/plate-106-black-vulture-or-carrion-crow.jpg,fc0940640d4633cf93e6781158a6fad9f8deae77661391e6acdacf134b7fded5,present,https://commons.wikimedia.org/wiki/File:106_Black_Vulture_or_Carrion_Crow.jpg
27,Turkey Vulture,exact common name,Cathartes aura,Cathartes aura,Turkey Vulture,cathartes-aura,,source downloaded - NOT a finished asset,151,Turkey Buzzard,historical-title candidate; verify on institution page,https://www.audubon.org/art/birds-of-america/turkey-buzzard,https://historicpittsburgh.org/islandora/object/pitt%3Aaud0151,unverified - check exact scan,not reviewed,sources/151.jpg,https://media.audubon.org/boa_illustration/plate-151-turkey-buzzard.jpg,683f691d37c1a702c11900527159a22765d6005993f98220b79d042f70c4fbd5,present,https://commons.wikimedia.org/wiki/File:151_Turkey_Buzzard.jpg
28,Red-tailed Hawk,exact common name,Buteo jamaicensis,Buteo jamaicensis,Red-tailed Hawk,buteo-jamaicensis,,source downloaded - NOT a finished asset,51,Red-tailed Hawk,exact catalog title; still requires visual check,https://www.audubon.org/art/birds-of-america/red-tailed-hawk,https://historicpittsburgh.org/islandora/object/pitt%3Aaud0051,unverified - check exact scan,not reviewed,sources/051.jpg,https://media.audubon.org/boa_illustration/plate-51-red-tailed-hawk.jpg,1b9cd658eef107d7568c94df0498ac86a85e933570fb3b0997c6c5df847303f9,present,https://commons.wikimedia.org/wiki/File:51_Red-tailed_Hawk.jpg
29,Red-shouldered Hawk,exact common name,Buteo lineatus,Buteo lineatus,Red-shouldered Hawk,buteo-lineatus,,source downloaded - NOT a finished asset,56,Red-shouldered Hawk,exact catalog title; still requires visual check,https://www.audubon.org/art/birds-of-america/red-shouldered-hawk,https://historicpittsburgh.org/islandora/object/pitt%3Aaud0056,unverified - check exact scan,not reviewed,sources/056.jpg,https://media.audubon.org/boa_illustration/plate-56-red-shouldered-hawk.jpg,bc85c7d65d3e07246303cf6265aece8fa1a1e1a8384efbdc17aa7bdbe2f6b639,present,https://media.audubon.org/boa_illustration/plate-56-red-shouldered-hawk.jpg
30,Cooper's Hawk,exact common name,Astur cooperii,Accipiter cooperii,Cooper's Hawk,astur-cooperii,,needs source,,,,,,,,,,,present,https://commons.wikimedia.org/wiki/File:36_Stanley_Hawk.jpg
31,Mississippi Kite,exact common name,Ictinia mississippiensis,Ictinia mississippiensis,Mississippi Kite,ictinia-mississippiensis,,source downloaded - NOT a finished asset,117,Mississippi Kite,exact catalog title; still requires visual check,https://www.audubon.org/art/birds-of-america/mississippi-kite,https://historicpittsburgh.org/islandora/object/pitt%3Aaud0117,unverified - check exact scan,not reviewed,sources/117.jpg,https://media.audubon.org/boa_illustration/plate-117-mississippi-kite.jpg,0aefcbed548b27d52201515f94bc525eea7da922e8e3c4c3ed28a8d3ac798886,present,https://commons.wikimedia.org/wiki/File:117_Mississippi_Kite.jpg
32,Swainson's Hawk,exact common name,Buteo swainsoni,Buteo swainsoni,Swainson's Hawk,buteo-swainsoni,,needs source,,,,,,,,,,,present,https://commons.wikimedia.org/wiki/File:372_Common_Buzzard.jpg
33,Crested Caracara,exact common name,Caracara plancus,Caracara plancus,Crested Caracara,caracara-plancus,,needs source,,,,,,,,,,,present,"https://commons.wikimedia.org/wiki/File:J._Smit,_Polyborus_Tharus,_Var.,_NGA_53861.jpg"
34,American Kestrel,exact common name,Falco sparverius,Falco sparverius,American Kestrel,falco-sparverius,,source downloaded - NOT a finished asset,142,American Sparrow Hawk,historical-title candidate; verify on institution page,https://www.audubon.org/art/birds-of-america/american-sparrow-hawk,https://historicpittsburgh.org/islandora/object/pitt%3Aaud0142,unverified - check exact scan,not reviewed,sources/142.jpg,https://media.audubon.org/boa_illustration/plate-142-american-sparrow-hawk.jpg,7ad86e34027f42bb2b9ca0da0c8cf46fba88476c9b2602624853f46fe68ecf26,present,https://commons.wikimedia.org/wiki/File:142_American_Sparrow_Hawk.jpg
35,Eastern Screech-Owl,exact common name,Megascops asio,Megascops asio,Eastern Screech-Owl,megascops-asio,,source downloaded - NOT a finished asset,97,Little Screech Owl,historical-title candidate; verify on institution page,https://www.audubon.org/art/birds-of-america/little-screech-owl,https://historicpittsburgh.org/islandora/object/pitt%3Aaud0097,unverified - check exact scan,not reviewed,sources/097.jpg,https://media.audubon.org/boa_illustration/plate-97-little-screech-owl.jpg,80fc939d40a3ec6b9c6744f427df103e875d4a1e3aef452f301741a1805aad3d,present,https://commons.wikimedia.org/wiki/File:97_Little_Screech_Owl.jpg
36,Great Horned Owl,exact common name,Bubo virginianus,Bubo virginianus,Great Horned Owl,bubo-virginianus,,source downloaded - NOT a finished asset,61,Great Horned Owl,exact catalog title; still requires visual check,https://www.audubon.org/art/birds-of-america/great-horned-owl,https://historicpittsburgh.org/islandora/object/pitt%3Aaud0061,unverified - check exact scan,not reviewed,sources/061.jpg,https://media.audubon.org/boa_illustration/plate-61-great-horned-owl.jpg,a325e4b540b82286ee8b3fc9615a5e70cee604efcf72b263e87bd80f004d8673,present,https://commons.wikimedia.org/wiki/File:61_Great_Horned_Owl.jpg
37,Barred Owl,exact common name,Strix varia,Strix varia,Barred Owl,strix-varia,,existing upstream,46,Barred Owl,exact catalog title; still requires visual check,https://www.audubon.org/art/birds-of-america/barred-owl,https://historicpittsburgh.org/islandora/object/pitt%3Aaud0046,unverified - check exact scan,not reviewed,,,,present,https://commons.wikimedia.org/wiki/File:GouldBirdsEuropeIBarred_Owl.jpg
38,Chimney Swift,exact common name,Chaetura pelagica,Chaetura pelagica,Chimney Swift,chaetura-pelagica,,source downloaded - NOT a finished asset,158,American Swift,historical-title candidate; verify on institution page,https://www.audubon.org/art/birds-of-america/american-swift,https://historicpittsburgh.org/islandora/object/pitt%3Aaud0158,unverified - check exact scan,not reviewed,sources/158.jpg,https://media.audubon.org/boa_illustration/plate-158-american-swift.jpg,adce2d84d739b1b24b31f7e2433ed3f79a7f59d3e870545e0b751d1da4278110,present,https://commons.wikimedia.org/wiki/File:158_American_Swift.jpg
39,Purple Martin,exact common name,Progne subis,Progne subis,Purple Martin,progne-subis,,source downloaded - NOT a finished asset,22,Purple Martin,exact catalog title; still requires visual check,https://www.audubon.org/art/birds-of-america/purple-martin,https://historicpittsburgh.org/islandora/object/pitt%3Aaud0022,unverified - check exact scan,not reviewed,sources/022.jpg,https://media.audubon.org/boa_illustration/plate-22-purple-martin.jpg,57c7d2624283f64cd1ab4f4608770a33e397ad3f956b915b39e7a0d383c771a1,present,https://commons.wikimedia.org/wiki/File:22_Purple_Martin.jpg
40,Barn Swallow,exact common name,Hirundo rustica,Hirundo rustica,Barn Swallow,hirundo-rustica,,existing upstream,173,Barn Swallow,exact catalog title; still requires visual check,https://www.audubon.org/art/birds-of-america/barn-swallow,https://historicpittsburgh.org/islandora/object/pitt%3Aaud0173,unverified - check exact scan,not reviewed,,,,present,https://commons.wikimedia.org/wiki/File:GouldBirdsEuropeIIChimney_Swallow.jpg
41,Cliff Swallow,exact common name,Petrochelidon pyrrhonota,Petrochelidon pyrrhonota,Cliff Swallow,petrochelidon-pyrrhonota,,needs source,,,,,,,,,,,missing,
42,Cave Swallow,exact common name,Petrochelidon fulva,Petrochelidon fulva,Cave Swallow,petrochelidon-fulva,,needs source,,,,,,,,,,,present,https://commons.wikimedia.org/wiki/File:Petrochelidon_fulva_1894.jpg
43,Tree Swallow,exact common name,Tachycineta bicolor,Tachycineta bicolor,Tree Swallow,tachycineta-bicolor,,needs source,,,,,,,,,,,present,https://commons.wikimedia.org/wiki/File:98_White-bellied_Swallow.jpg
44,Northern Rough-winged Swallow,exact common name,Stelgidopteryx serripennis,Stelgidopteryx serripennis,Northern Rough-winged Swallow,stelgidopteryx-serripennis,,needs source,,,,,,,,,,,present,https://commons.wikimedia.org/wiki/File:Stelgidopteryx_serripennis_1894.jpg
45,Ruby-throated Hummingbird,exact common name,Archilochus colubris,Archilochus colubris,Ruby-throated Hummingbird,archilochus-colubris,,source downloaded - NOT a finished asset,47,Ruby-throated Humming Bird,exact catalog title; still requires visual check,https://www.audubon.org/art/birds-of-america/ruby-throated-humming-bird,https://historicpittsburgh.org/islandora/object/pitt%3Aaud0047,unverified - check exact scan,not reviewed,sources/047.jpg,https://media.audubon.org/boa_illustration/plate-47-ruby-throated-humming-bird.jpg,4f3308658c70acd4a7c61d182da88a7eb8c1693a2b7aeacbae6510eba5e0a7c2,present,https://commons.wikimedia.org/wiki/File:47_Ruby-throated_Humming_Bird.jpg
46,Black-chinned Hummingbird,exact common name,Archilochus alexandri,Archilochus alexandri,Black-chinned Hummingbird,archilochus-alexandri,,needs source,,,,,,,,,,,present,https://commons.wikimedia.org/wiki/File:MonographTrochi3Goul_0072.jpg
47,Buff-bellied Hummingbird,exact common name,Amazilia yucatanensis,Amazilia yucatanensis,Buff-bellied Hummingbird,amazilia-yucatanensis,,needs source,,,,,,,,,,,present,"https://commons.wikimedia.org/wiki/File:A_monograph_of_the_Trochilid%C3%A6,_or_family_of_humming-birds_(Plate_308)_(8551717980).jpg"
48,Rufous Hummingbird,exact common name,Selasphorus rufus,Selasphorus rufus,Rufous Hummingbird,selasphorus-rufus,,needs source,,,,,,,,,,,missing,
49,Yellow-billed Cuckoo,exact common name,Coccyzus americanus,Coccyzus americanus,Yellow-billed Cuckoo,coccyzus-americanus,,existing upstream,2,Yellow-billed Cuckoo,exact catalog title; still requires visual check,https://www.audubon.org/art/birds-of-america/yellow-billed-cuckoo,https://historicpittsburgh.org/islandora/object/pitt%3Aaud0002,unverified - check exact scan,not reviewed,,,,present,https://commons.wikimedia.org/wiki/File:Coccyzus_Americanus_by_John_Gould.jpg
50,Greater Roadrunner,exact common name,Geococcyx californianus,Geococcyx californianus,Greater Roadrunner,geococcyx-californianus,,needs source,,,,,,,,,,,present,https://commons.wikimedia.org/wiki/File:Birds_of_the_world_for_young_people_(Pl._42)_(7971241140).jpg
51,Common Nighthawk,exact common name,Chordeiles minor,Chordeiles minor,Common Nighthawk,chordeiles-minor,,needs source,,,,,,,,,,,present,https://commons.wikimedia.org/wiki/File:147_Night_Hawk.jpg
52,Chuck-will's-widow,exact common name,Antrostomus carolinensis,Antrostomus carolinensis,Chuck-will's-widow,antrostomus-carolinensis,,source downloaded - NOT a finished asset,52,Chuck-will's Widow,exact catalog title; still requires visual check,https://www.audubon.org/art/birds-of-america/chuck-wills-widow,https://historicpittsburgh.org/islandora/object/pitt%3Aaud0052,unverified - check exact scan,not reviewed,sources/052.jpg,https://media.audubon.org/boa_illustration/plate-52-chuck-wills-widow.jpg,6863799a40b0fb08a5f24a7ecfc1ec196f95843c73384cbe9c791c42f6ed3d8e,present,https://commons.wikimedia.org/wiki/File:52_Chuck-will%27s_Widow.jpg
53,Eastern Whip-poor-will,exact common name,Antrostomus vociferus,Antrostomus vociferus,Eastern Whip-poor-will,antrostomus-vociferus,,needs source,,,,,,,,,,,present,https://commons.wikimedia.org/wiki/File:82_Whip-poor-will.jpg
54,Red-bellied Woodpecker,exact common name,Melanerpes carolinus,Melanerpes carolinus,Red-bellied Woodpecker,melanerpes-carolinus,,existing upstream,,,,,,,,,,,present,https://media.audubon.org/boa_illustration/plate-416-hairy-woodpecker.jpg
55,Golden-fronted Woodpecker,exact common name,Melanerpes aurifrons,Melanerpes aurifrons,Golden-fronted Woodpecker,melanerpes-aurifrons,,needs source,,,,,,,,,,,present,https://commons.wikimedia.org/wiki/File:Color_key_to_North_American_birds_(Page_153)_BHL7583682.jpg
56,Downy Woodpecker,exact common name,Dryobates pubescens,Dryobates pubescens,Downy Woodpecker,dryobates-pubescens,,source downloaded - NOT a finished asset,112,Downy Woodpecker,exact catalog title; still requires visual check,https://www.audubon.org/art/birds-of-america/downy-woodpecker,https://historicpittsburgh.org/islandora/object/pitt%3Aaud0112,unverified - check exact scan,not reviewed,sources/112.jpg,https://media.audubon.org/boa_illustration/plate-112-downy-woodpecker.jpg,eb5ccf379168abf140b93fcd7659275081c29a0c83214e893bfa4336271cde9a,present,https://commons.wikimedia.org/wiki/File:112_Downy_Woodpecker.jpg
57,Ladder-backed Woodpecker,exact common name,Dryobates scalaris,Dryobates scalaris,Ladder-backed Woodpecker,dryobates-scalaris,,needs source,,,,,,,,,,,present,https://commons.wikimedia.org/wiki/File:Picoides_scalaris_nuttalliiAQBIP03CA.jpg
58,Pileated Woodpecker,exact common name,Dryocopus pileatus,Dryocopus pileatus,Pileated Woodpecker,dryocopus-pileatus,,source downloaded - NOT a finished asset,111,Pileated Woodpecker,exact catalog title; still requires visual check,https://www.audubon.org/art/birds-of-america/pileated-woodpecker,https://historicpittsburgh.org/islandora/object/pitt%3Aaud0111,unverified - check exact scan,not reviewed,sources/111.jpg,https://media.audubon.org/boa_illustration/plate-111-pileated-woodpecker.jpg,3c2dcb8fe73291b311c5e1839a3b777f9598bab4cb6b9054ef52a88aa93aef35,present,https://commons.wikimedia.org/wiki/File:111_Pileated_Woodpecker.jpg
59,Northern Flicker,exact common name,Colaptes auratus,Colaptes auratus,Northern Flicker,colaptes-auratus,,source downloaded - NOT a finished asset,37,Golden-winged Woodpecker,historical-title candidate; verify on institution page,https://www.audubon.org/art/birds-of-america/golden-winged-woodpecker,https://historicpittsburgh.org/islandora/object/pitt%3Aaud0037,unverified - check exact scan,not reviewed,sources/037.jpg,https://media.audubon.org/boa_illustration/plate-37-golden-winged-woodpecker.jpg,d6444ea9bf39e1400dd0ce4062c2a8a7bdc33692aa0c43b795851f484890c4a2,missing,
60,Yellow-bellied Sapsucker,exact common name,Sphyrapicus varius,Sphyrapicus varius,Yellow-bellied Sapsucker,sphyrapicus-varius,,needs source,,,,,,,,,,,present,https://commons.wikimedia.org/wiki/File:190_Yellow_bellied_Woodpecker.jpg
61,Eastern Phoebe,exact common name,Sayornis phoebe,Sayornis phoebe,Eastern Phoebe,sayornis-phoebe,,source downloaded - NOT a finished asset,120,Pewit Flycatcher,historical-title candidate; verify on institution page,https://www.audubon.org/art/birds-of-america/pewit-flycatcher,https://historicpittsburgh.org/islandora/object/pitt%3Aaud0120,unverified - check exact scan,not reviewed,sources/120.jpg,https://media.audubon.org/boa_illustration/plate-120-pewit-flycatcher.jpg,694764e207d4cd6030f3aed72ab26316bd27be8e21ec1e75a4e4e74dd361e0e6,missing,
62,Eastern Wood-Pewee,exact common name,Contopus virens,Contopus virens,Eastern Wood-Pewee,contopus-virens,,needs source,,,,,,,,,,,present,https://commons.wikimedia.org/wiki/File:115_Wood_Pewee.jpg
63,Great Crested Flycatcher,exact common name,Myiarchus crinitus,Myiarchus crinitus,Great Crested Flycatcher,myiarchus-crinitus,,source downloaded - NOT a finished asset,129,Great Crested Flycatcher,exact catalog title; still requires visual check,https://www.audubon.org/art/birds-of-america/great-crested-flycatcher,https://historicpittsburgh.org/islandora/object/pitt%3Aaud0129,unverified - check exact scan,not reviewed,sources/129.jpg,https://media.audubon.org/boa_illustration/plate-129-great-crested-flycatcher.jpg,23a10ee008df56da6a95a4f29d1d6a3ebb4fb084f5c172c2ea2d228ce53a9de2,present,https://commons.wikimedia.org/wiki/File:129_Great_Crested_Flycatcher.jpg
64,Scissor-tailed Flycatcher,exact common name,Tyrannus forficatus,Tyrannus forficatus,Scissor-tailed Flycatcher,tyrannus-forficatus,,needs source,,,,,,,,,,,missing,
65,Western Kingbird,exact common name,Tyrannus verticalis,Tyrannus verticalis,Western Kingbird,tyrannus-verticalis,,needs source,,,,,,,,,,,missing,
66,Eastern Kingbird,exact common name,Tyrannus tyrannus,Tyrannus tyrannus,Eastern Kingbird,tyrannus-tyrannus,,source downloaded - NOT a finished asset,79,Tyrant Fly-catcher,historical-title candidate; verify on institution page,https://www.audubon.org/art/birds-of-america/tyrant-fly-catcher,https://historicpittsburgh.org/islandora/object/pitt%3Aaud0079,unverified - check exact scan,not reviewed,sources/079.jpg,https://media.audubon.org/boa_illustration/plate-79-tyrant-fly-catcher.jpg,5d85f6e79d3f90d76c5b9a6ce28ad7a2170064942f26a21228d5867bbfa97154,present,https://commons.wikimedia.org/wiki/File:79_Tyrant_Fly-catcher.jpg
67,Vermilion Flycatcher,exact common name,Pyrocephalus rubinus,Pyrocephalus rubinus,Vermilion Flycatcher,pyrocephalus-rubinus,,needs source,,,,,,,,,,,present,https://commons.wikimedia.org/wiki/File:PyrocephalusParvirostrisDarwin.jpg
68,White-eyed Vireo,exact common name,Vireo griseus,Vireo griseus,White-eyed Vireo,vireo-griseus,,needs source,,,,,,,,,,,missing,
69,Red-eyed Vireo,exact common name,Vireo olivaceus,Vireo olivaceus,Red-eyed Vireo,vireo-olivaceus,,source downloaded - NOT a finished asset,150,Red-eyed Vireo,exact catalog title; still requires visual check,https://www.audubon.org/art/birds-of-america/red-eyed-vireo,https://historicpittsburgh.org/islandora/object/pitt%3Aaud0150,unverified - check exact scan,not reviewed,sources/150.jpg,https://media.audubon.org/boa_illustration/plate-150-red-eyed-vireo.jpg,9c87dac90108f7cf4123f4e39e82f3f1468d754122f4b01fee0216aae96406bd,present,https://commons.wikimedia.org/wiki/File:150_Red-eyed_Vireo.jpg
70,Yellow-throated Vireo,exact common name,Vireo flavifrons,Vireo flavifrons,Yellow-throated Vireo,vireo-flavifrons,,source downloaded - NOT a finished asset,119,Yellow-throated Vireo,exact catalog title; still requires visual check,https://www.audubon.org/art/birds-of-america/yellow-throated-vireo,https://historicpittsburgh.org/islandora/object/pitt%3Aaud0119,unverified - check exact scan,not reviewed,sources/119.jpg,https://media.audubon.org/boa_illustration/plate-119-yellow-throated-vireo.jpg,90680f03b06ca824c86e1d72e6012df07882853d8c61cb01a9ecbaf3efce4c04,present,https://commons.wikimedia.org/wiki/File:119_Yellow-throated_Vireo.jpg
71,Blue-gray Gnatcatcher,exact common name,Polioptila caerulea,Polioptila caerulea,Blue-gray Gnatcatcher,polioptila-caerulea,,needs source,,,,,,,,,,,present,https://commons.wikimedia.org/wiki/File:84_Blue-Grey_Fly-catcher.jpg
72,Ruby-crowned Kinglet,exact common name,Corthylio calendula,Corthylio calendula,Ruby-crowned Kinglet,corthylio-calendula,,needs source,,,,,,,,,,,missing,
73,Golden-crowned Kinglet,exact common name,Regulus satrapa,Regulus satrapa,Golden-crowned Kinglet,regulus-satrapa,,needs source,,,,,,,,,,,present,https://commons.wikimedia.org/wiki/File:183_Goldon-crested-Wren.jpg
74,Brown Creeper,exact common name,Certhia americana,Certhia americana,Brown Creeper,certhia-americana,,needs source,,,,,,,,,,,missing,
75,Gray Catbird,exact common name,Dumetella carolinensis,Dumetella carolinensis,Gray Catbird,dumetella-carolinensis,,source downloaded - NOT a finished asset,128,Cat Bird,historical-title candidate; verify on institution page,https://www.audubon.org/art/birds-of-america/cat-bird,https://historicpittsburgh.org/islandora/object/pitt%3Aaud0128,unverified - check exact scan,not reviewed,sources/128.jpg,https://media.audubon.org/boa_illustration/plate-128-cat-bird.jpg,32edff03ac44af6fb29cc8d00d6cc795601262e0cbb9931fdbe978cd85e1dca0,present,https://media.audubon.org/boa_illustration/plate-128-cat-bird.jpg
76,Brown Thrasher,exact common name,Toxostoma rufum,Toxostoma rufum,Brown Thrasher,toxostoma-rufum,,source downloaded - NOT a finished asset,116,Ferruginous Thrush,historical-title candidate; verify on institution page,https://www.audubon.org/art/birds-of-america/ferruginous-thrush,https://historicpittsburgh.org/islandora/object/pitt%3Aaud0116,unverified - check exact scan,not reviewed,sources/116.jpg,https://media.audubon.org/boa_illustration/plate-116-ferruginous-thrush.jpg,834494222a200f61a6799ab25814c25c83a753584dea901a46df9e38589c9967,present,https://commons.wikimedia.org/wiki/File:116_Ferruginous_Thrush.jpg
77,Orange-crowned Warbler,exact common name,Leiothlypis celata,Leiothlypis celata,Orange-crowned Warbler,leiothlypis-celata,,source downloaded - NOT a finished asset,178,Orange-crowned Warbler,exact catalog title; still requires visual check,https://www.audubon.org/art/birds-of-america/orange-crowned-warbler,https://historicpittsburgh.org/islandora/object/pitt%3Aaud0178,unverified - check exact scan,not reviewed,sources/178.jpg,https://media.audubon.org/boa_illustration/plate-178-orange-crowned-warbler.jpg,914d9d803878642c05e01dbc1c607dccc547927b2d1f6c9f8578caa549e57ae4,missing,
78,Yellow-rumped Warbler,exact common name,Setophaga coronata,Setophaga coronata,Yellow-rumped Warbler,setophaga-coronata,,needs source,,,,,,,,,,,missing,
79,Yellow Warbler,exact common name,Setophaga petechia,Setophaga petechia,Yellow Warbler,setophaga-petechia,,needs source,,,,,,,,,,,missing,
80,Common Yellowthroat,exact common name,Geothlypis trichas,Geothlypis trichas,Common Yellowthroat,geothlypis-trichas,,needs source,,,,,,,,,,,missing,
81,Northern Parula,exact common name,Setophaga americana,Setophaga americana,Northern Parula,setophaga-americana,,source downloaded - NOT a finished asset,15,Blue Yellow back Warbler,historical-title candidate; verify on institution page,https://www.audubon.org/art/birds-of-america/blue-yellow-backed-warbler,https://historicpittsburgh.org/islandora/object/pitt%3Aaud0015,unverified - check exact scan,not reviewed,sources/015.jpg,https://media.audubon.org/boa_illustration/plate-15-blue-yellow-backed-warbler.jpg,224de60be5d01aad92c7a6973fd16909e0edd99cd0ff84a381c7e7ac2c61667c,missing,
82,Black-and-white Warbler,exact common name,Mniotilta varia,Mniotilta varia,Black-and-white Warbler,mniotilta-varia,,source downloaded - NOT a finished asset,90,Black & White Creeper,historical-title candidate; verify on institution page,https://www.audubon.org/art/birds-of-america/black-white-creeper,https://historicpittsburgh.org/islandora/object/pitt%3Aaud0090,unverified - check exact scan,not reviewed,sources/090.jpg,https://media.audubon.org/boa_illustration/plate-90-black-white-creeper.jpg,b540d47edb938f7b9b48612b3faa6f09a07f81f5cb3eb98b3abbb5ce1863bdaa,missing,
83,American Redstart,exact common name,Setophaga ruticilla,Setophaga ruticilla,American Redstart,setophaga-ruticilla,,source downloaded - NOT a finished asset,40,American Redstart,exact catalog title; still requires visual check,https://www.audubon.org/art/birds-of-america/american-redstart,https://historicpittsburgh.org/islandora/object/pitt%3Aaud0040,unverified - check exact scan,not reviewed,sources/040.jpg,https://media.audubon.org/boa_illustration/plate-40-american-redstart.jpg,606759c280a8bef1964d2f90fca5b7432f8ef0ef1305c8690d45641e029682f8,missing,
84,Pine Warbler,exact common name,Setophaga pinus,Setophaga pinus,Pine Warbler,setophaga-pinus,,needs source,,,,,,,,,,,missing,
85,Yellow-throated Warbler,exact common name,Setophaga dominica,Setophaga dominica,Yellow-throated Warbler,setophaga-dominica,,source downloaded - NOT a finished asset,85,Yellow Throated Warbler,exact catalog title; still requires visual check,https://www.audubon.org/art/birds-of-america/yellow-throated-warbler,https://historicpittsburgh.org/islandora/object/pitt%3Aaud0085,unverified - check exact scan,not reviewed,sources/085.jpg,https://media.audubon.org/boa_illustration/plate-85-yellow-throated-warbler.jpg,c0e59e2957ac8b632ee0757cd7f4e1cafb7eb6cac68db1eec2cb437d5d093cd8,missing,
86,Summer Tanager,exact common name,Piranga rubra,Piranga rubra,Summer Tanager,piranga-rubra,,source downloaded - NOT a finished asset,44,Summer Red Bird,historical-title candidate; verify on institution page,https://www.audubon.org/art/birds-of-america/summer-red-bird,https://historicpittsburgh.org/islandora/object/pitt%3Aaud0044,unverified - check exact scan,not reviewed,sources/044.jpg,https://media.audubon.org/boa_illustration/plate-44-summer-red-bird.jpg,b49134fa62ace0e75ace22b83093749b931de2538ce81f12504616446e0b1bd9,present,https://media.audubon.org/boa_illustration/plate-44-summer-red-bird.jpg?
87,Painted Bunting,exact common name,Passerina ciris,Passerina ciris,Painted Bunting,passerina-ciris,,source downloaded - NOT a finished asset,53,Painted Finch,historical-title candidate; verify on institution page,https://www.audubon.org/art/birds-of-america/painted-finch,https://historicpittsburgh.org/islandora/object/pitt%3Aaud0053,unverified - check exact scan,not reviewed,sources/053.jpg,https://media.audubon.org/boa_illustration/plate-53-painted-finch.jpg,76827215584ab1bbebd268274a130b0ecd2a7827691de187009a19f8049102af,present,https://commons.wikimedia.org/wiki/File:53_Painted_Finch.jpg
88,Indigo Bunting,exact common name,Passerina cyanea,Passerina cyanea,Indigo Bunting,passerina-cyanea,,source downloaded - NOT a finished asset,74,Indigo Bird,historical-title candidate; verify on institution page,https://www.audubon.org/art/birds-of-america/indigo-bird,https://historicpittsburgh.org/islandora/object/pitt%3Aaud0074,unverified - check exact scan,not reviewed,sources/074.jpg,https://media.audubon.org/boa_illustration/plate-74-indigo-bird.jpg,273af660a90e227ba8e667c25b9d3e3b8e64055c0da29afd5b3df190e84bd127,present,https://commons.wikimedia.org/wiki/File:74_Indigo_Bird.jpg
89,Blue Grosbeak,exact common name,Passerina caerulea,Passerina caerulea,Blue Grosbeak,passerina-caerulea,,source downloaded - NOT a finished asset,122,Blue Grosbeak,exact catalog title; still requires visual check,https://www.audubon.org/art/birds-of-america/blue-grosbeak,https://historicpittsburgh.org/islandora/object/pitt%3Aaud0122,unverified - check exact scan,not reviewed,sources/122.jpg,https://media.audubon.org/boa_illustration/plate-122-blue-grosbeak.jpg,ab518f8d41637857e93031b4c1f34ed1b4371912e28e590987daf6ed7fcdcd39,missing,
90,Dickcissel,exact common name,Spiza americana,Spiza americana,Dickcissel,spiza-americana,,needs source,,,,,,,,,,,present,https://commons.wikimedia.org/wiki/File:384_Black-Throated_Bunting.jpg
91,Chipping Sparrow,exact common name,Spizella passerina,Spizella passerina,Chipping Sparrow,spizella-passerina,,source downloaded - NOT a finished asset,104,Chipping Sparrow,exact catalog title; still requires visual check,https://www.audubon.org/art/birds-of-america/chipping-sparrow,https://historicpittsburgh.org/islandora/object/pitt%3Aaud0104,unverified - check exact scan,not reviewed,sources/104.jpg,https://media.audubon.org/boa_illustration/plate-104-chipping-sparrow.jpg,b1ab25fdae177aa2cf87c57e1ca9684728b179f6a47b4092baebc1fc68b9029a,present,https://commons.wikimedia.org/wiki/File:104_Chipping_Sparrow.jpg
92,Lark Sparrow,exact common name,Chondestes grammacus,Chondestes grammacus,Lark Sparrow,chondestes-grammacus,,needs source,,,,,,,,,,,present,https://commons.wikimedia.org/wiki/File:390_I._Lark_Finch_-_2._Prairie_Finch_-_3._Brown_Song_Sparrow.jpg
93,White-throated Sparrow,exact common name,Zonotrichia albicollis,Zonotrichia albicollis,White-throated Sparrow,zonotrichia-albicollis,,source downloaded - NOT a finished asset,8,White throated Sparrow,exact catalog title; still requires visual check,https://www.audubon.org/art/birds-of-america/white-throated-sparrow,https://historicpittsburgh.org/islandora/object/pitt%3Aaud0008,unverified - check exact scan,not reviewed,sources/008.jpg,https://media.audubon.org/boa_illustration/plate-8-white-throated-sparrow.jpg,3eba7f8a2233ac3ca21a5980d14acdfd8340288a90ad25ce48b31fcd2ab04cfb,present,https://commons.wikimedia.org/wiki/File:8_White_throated_Sparrow.jpg
94,Lincoln's Sparrow,exact common name,Melospiza lincolnii,Melospiza lincolnii,Lincoln's Sparrow,melospiza-lincolnii,,needs source,,,,,,,,,,,present,https://commons.wikimedia.org/wiki/File:193_Lincoln_Finch.jpg
95,Savannah Sparrow,exact common name,Passerculus sandwichensis,Passerculus sandwichensis,Savannah Sparrow,passerculus-sandwichensis,,needs source,,,,,,,,,,,missing,
96,Eastern Meadowlark,exact common name,Sturnella magna,Sturnella magna,Eastern Meadowlark,sturnella-magna,,needs source,,,,,,,,,,,missing,
97,Orchard Oriole,exact common name,Icterus spurius,Icterus spurius,Orchard Oriole,icterus-spurius,,source downloaded - NOT a finished asset,42,Orchard Oriole,exact catalog title; still requires visual check,https://www.audubon.org/art/birds-of-america/orchard-oriole,https://historicpittsburgh.org/islandora/object/pitt%3Aaud0042,unverified - check exact scan,not reviewed,sources/042.jpg,https://media.audubon.org/boa_illustration/plate-42-orchard-oriole.jpg,df389c94a428204b18c0e1926f62e3bf82ded82b1ba7d0cde8e38ab5c6599ee5,missing,
98,Baltimore Oriole,exact common name,Icterus galbula,Icterus galbula,Baltimore Oriole,icterus-galbula,,source downloaded - NOT a finished asset,12,Baltimore Oriole,exact catalog title; still requires visual check,https://www.audubon.org/art/birds-of-america/baltimore-oriole,https://historicpittsburgh.org/islandora/object/pitt%3Aaud0012,unverified - check exact scan,not reviewed,sources/012.jpg,https://media.audubon.org/boa_illustration/plate-12-baltimore-oriole.jpg,9768e145d33480ec969bbcd868a6d675aed7b07b5a8a35fd6d2755d386aecce4,missing,
99,Black-bellied Whistling-Duck,exact common name,Dendrocygna autumnalis,Dendrocygna autumnalis,Black-bellied Whistling-Duck,dendrocygna-autumnalis,,needs source,,,,,,,,,,,missing,
100,Wood Duck,exact common name,Aix sponsa,Aix sponsa,Wood Duck,aix-sponsa,,needs source,,,,,,,,,,,present,https://commons.wikimedia.org/wiki/File:206_Summer_or_Wood_Duck.jpg
101,Mallard,exact common name,Anas platyrhynchos,Anas platyrhynchos,Mallard,anas-platyrhynchos,,existing upstream,,,,,,,,,,,present,https://commons.wikimedia.org/wiki/File:GouldBirdsEuropeVCommon_Wild_Duck.jpg
102,Mottled Duck,exact common name,Anas fulvigula,Anas fulvigula,Mottled Duck,anas-fulvigula,,needs source,,,,,,,,,,,present,https://commons.wikimedia.org/wiki/File:Recueil_de_divers_oiseaux_%C3%A9trangers_et_peu_communs_(Tab._XCIII)_BHL41947768.jpg
103,Blue-winged Teal,exact common name,Spatula discors,Spatula discors,Blue-winged Teal,spatula-discors,,source downloaded - NOT a finished asset,313,Blue-Winged Teal,exact catalog title; still requires visual check,https://www.audubon.org/art/birds-of-america/blue-winged-teal,https://historicpittsburgh.org/islandora/object/pitt%3Aaud0313,unverified - check exact scan,not reviewed,sources/313.jpg,https://media.audubon.org/boa_illustration/plate-313-blue-winged-teal.jpg,f469f19901c495f2a97c95ea5186f43fb395aafc46a36e97e0c5b3ccf7af47a0,present,https://commons.wikimedia.org/wiki/File:313_Blue-Winged_Teal.jpg
104,Northern Shoveler,exact common name,Spatula clypeata,Spatula clypeata,Northern Shoveler,spatula-clypeata,,existing upstream,,,,,,,,,,,present,https://commons.wikimedia.org/wiki/File:GouldBirdsEuropeVShoveller_Duck.jpg
105,Gadwall,exact common name,Mareca strepera,Mareca strepera,Gadwall,mareca-strepera,,existing upstream,,,,,,,,,,,present,https://commons.wikimedia.org/wiki/File:GouldBirdsEuropeVGadwall.jpg
106,American Wigeon,exact common name,Mareca americana,Mareca americana,American Wigeon,mareca-americana,,needs source,,,,,,,,,,,present,https://commons.wikimedia.org/wiki/File:345_American_Widgeon.jpg
107,Green-winged Teal,exact common name,Anas crecca,Anas crecca,Green-winged Teal,anas-crecca,,existing upstream,228,Green winged Teal,exact catalog title; still requires visual check,https://www.audubon.org/art/birds-of-america/green-winged-teal,https://historicpittsburgh.org/islandora/object/pitt%3Aaud0228,unverified - check exact scan,not reviewed,,,,present,https://commons.wikimedia.org/wiki/File:GouldBirdsEuropeVCommon_Teal.jpg
108,Pied-billed Grebe,exact common name,Podilymbus podiceps,Podilymbus podiceps,Pied-billed Grebe,podilymbus-podiceps,,needs source,,,,,,,,,,,missing,
109,Neotropic Cormorant,exact common name,Nannopterum brasilianum,Nannopterum brasilianum,Neotropic Cormorant,nannopterum-brasilianum,,needs source,,,,,,,,,,,present,https://commons.wikimedia.org/wiki/File:Phalacrocorax_brasilianus_(GM)_LCCN2003662380.jpg
110,Double-crested Cormorant,exact common name,Nannopterum auritum,Nannopterum auritum,Double-crested Cormorant,nannopterum-auritum,,source downloaded - NOT a finished asset,257,Double-crested Cormorant,exact catalog title; still requires visual check,https://www.audubon.org/art/birds-of-america/double-crested-cormorant,https://historicpittsburgh.org/islandora/object/pitt%3Aaud0257,unverified - check exact scan,not reviewed,sources/257.jpg,https://media.audubon.org/boa_illustration/plate-257-double-crested-cormorant.jpg,acdf06960fd536331530a8faa3435493d1111dfaa8c8d9b8a09dda391a3c3f65,present,https://commons.wikimedia.org/wiki/File:257_Double-crested_Cormorant.jpg
111,Great Blue Heron,exact common name,Ardea herodias,Ardea herodias,Great Blue Heron,ardea-herodias,,source downloaded - NOT a finished asset,211,Great blue Heron,exact catalog title; still requires visual check,https://www.audubon.org/art/birds-of-america/great-blue-heron,https://historicpittsburgh.org/islandora/object/pitt%3Aaud0211,unverified - check exact scan,not reviewed,sources/211.jpg,https://media.audubon.org/boa_illustration/plate-211-great-blue-heron.jpg,0fe6fba5ac42c954ff86cc05bfc574641610c7742fcedbedf81ea5d725e4a279,present,https://commons.wikimedia.org/wiki/File:211_Great_blue_Heron.jpg
112,Great Egret,exact common name,Ardea alba,Ardea alba,Great Egret,ardea-alba,,existing upstream,,,,,,,,,,,present,https://commons.wikimedia.org/wiki/File:GouldBirdsEuropeIVGreat_Egret.jpg
113,Snowy Egret,exact common name,Egretta thula,Egretta thula,Snowy Egret,egretta-thula,,source downloaded - NOT a finished asset,242,"Snowy Heron, or White Egret",historical-title candidate; verify on institution page,https://www.audubon.org/art/birds-of-america/snowy-heron,https://historicpittsburgh.org/islandora/object/pitt%3Aaud0242,unverified - check exact scan,not reviewed,sources/242.jpg,https://media.audubon.org/boa_illustration/plate-242-snowy-heron.jpg,55cdd0d515247713d8421290a1c9ca3a322bb904247741cc54a1c5908558158d,present,https://commons.wikimedia.org/wiki/File:242_Snowy_Heron_or_White_Egret.jpg
114,Green Heron,exact common name,Butorides virescens,Butorides virescens,Green Heron,butorides-virescens,,source downloaded - NOT a finished asset,333,Green Heron,historical-title candidate; verify on institution page,https://www.audubon.org/art/birds-of-america/green-heron,https://historicpittsburgh.org/islandora/object/pitt%3Aaud0333,unverified - check exact scan,not reviewed,sources/333.jpg,https://media.audubon.org/boa_illustration/plate-333-green-heron.jpg,e19b4a8972b65f2b7a1781db892fe274c7d931edd8d3c44cbb35bb08a9cc6b44,missing,
115,Yellow-crowned Night-Heron,exact common name,Nyctanassa violacea,Nyctanassa violacea,Yellow-crowned Night-Heron,nyctanassa-violacea,,needs source,,,,,,,,,,,missing,
116,White Ibis,exact common name,Eudocimus albus,Eudocimus albus,White Ibis,eudocimus-albus,,source downloaded - NOT a finished asset,222,White Ibis,exact catalog title; still requires visual check,https://www.audubon.org/art/birds-of-america/white-ibis,https://historicpittsburgh.org/islandora/object/pitt%3Aaud0222,unverified - check exact scan,not reviewed,sources/222.jpg,https://media.audubon.org/boa_illustration/plate-222-white-ibis.jpg,ae633795fb92877731b5b44803f77a128fb3fb5051dcb50c84bb6bbd58a51ef9,missing,
117,Roseate Spoonbill,exact common name,Platalea ajaja,Platalea ajaja,Roseate Spoonbill,platalea-ajaja,,source downloaded - NOT a finished asset,321,Roseate Spoonbill,exact catalog title; still requires visual check,https://www.audubon.org/art/birds-of-america/roseate-spoonbill,https://historicpittsburgh.org/islandora/object/pitt%3Aaud0321,unverified - check exact scan,not reviewed,sources/321.jpg,https://media.audubon.org/boa_illustration/plate-321-roseate-spoonbill.jpg,5d8cd2d3857834dc5dce3ce696ecafed520c3b15dd9c37ec7bc2658481ae8f38,present,https://commons.wikimedia.org/wiki/File:321_Roseate_Spoonbill.jpg
118,American White Pelican,exact common name,Pelecanus erythrorhynchos,Pelecanus erythrorhynchos,American White Pelican,pelecanus-erythrorhynchos,,source downloaded - NOT a finished asset,311,American White Pelican,exact catalog title; still requires visual check,https://www.audubon.org/art/birds-of-america/american-white-pelican,https://historicpittsburgh.org/islandora/object/pitt%3Aaud0311,unverified - check exact scan,not reviewed,sources/311.jpg,https://media.audubon.org/boa_illustration/plate-311-american-white-pelican.jpg,1f710e92bebdfaacef1e6aadd05ea63c1152d05eb99ce4f9f44aeb1be38195ae,present,https://commons.wikimedia.org/wiki/File:311_American_White_Pelican.jpg
119,Brown Pelican,exact common name,Pelecanus occidentalis,Pelecanus occidentalis,Brown Pelican,pelecanus-occidentalis,,needs source,,,,,,,,,,,present,https://commons.wikimedia.org/wiki/File:421_Brown_Pelican.jpg
120,Killdeer,exact common name,Charadrius vociferus,Charadrius vociferus,Killdeer,charadrius-vociferus,,needs source,,,,,,,,,,,missing,
121,Spotted Sandpiper,exact common name,Actitis macularius,Actitis macularius,Spotted Sandpiper,actitis-macularius,,existing upstream,310,Spotted Sandpiper,exact catalog title; still requires visual check,https://www.audubon.org/art/birds-of-america/spotted-sandpiper,https://historicpittsburgh.org/islandora/object/pitt%3Aaud0310,unverified - check exact scan,not reviewed,,,,present,https://commons.wikimedia.org/wiki/File:GouldBirdsEuropeIVSpotted_Sandpiper.jpg
122,American Coot,exact common name,Fulica americana,Fulica americana,American Coot,fulica-americana,,source downloaded - NOT a finished asset,239,American Coot,exact catalog title; still requires visual check,https://www.audubon.org/art/birds-of-america/american-coot,https://historicpittsburgh.org/islandora/object/pitt%3Aaud0239,unverified - check exact scan,not reviewed,sources/239.jpg,https://media.audubon.org/boa_illustration/plate-239-american-coot.jpg,bfe43dd51b7d729ef84313844d28cd5487b56c3314230fb97010688ae3f8b0e2,present,https://commons.wikimedia.org/wiki/File:239_American_Coot.jpg
123,Common Gallinule,exact common name,Gallinula galeata,Gallinula galeata,Common Gallinule,gallinula-galeata,,source downloaded - NOT a finished asset,244,Common Gallinule,exact catalog title; still requires visual check,https://www.audubon.org/art/birds-of-america/common-gallinule,https://historicpittsburgh.org/islandora/object/pitt%3Aaud0244,unverified - check exact scan,not reviewed,sources/244.jpg,https://media.audubon.org/boa_illustration/plate-244-common-gallinule.jpg,a3c09fd5f76777e20fa676775bc30607f5e272d44633277e9f5e1a743ce72520,missing,
124,Sora,exact common name,Porzana carolina,Porzana carolina,Sora,porzana-carolina,,needs source,,,,,,,,,,,missing,
125,Belted Kingfisher,exact common name,Megaceryle alcyon,Megaceryle alcyon,Belted Kingfisher,megaceryle-alcyon,,source downloaded - NOT a finished asset,77,Belted Kingfisher,historical-title candidate; verify on institution page,https://www.audubon.org/art/birds-of-america/belted-kingfisher,https://historicpittsburgh.org/islandora/object/pitt%3Aaud0077,unverified - check exact scan,not reviewed,sources/077.jpg,https://media.audubon.org/boa_illustration/plate-77-belted-kingfisher.jpg,8fd47bcfa21d0e33212f22ebf6b88f0ba1389da19486e5ada0e9236f3f429013,present,https://commons.wikimedia.org/wiki/File:77_Belted_Kingfisher.jpg
126,Loggerhead Shrike,exact common name,Lanius ludovicianus,Lanius ludovicianus,Loggerhead Shrike,lanius-ludovicianus,,source downloaded - NOT a finished asset,57,Loggerhead Shrike,exact catalog title; still requires visual check,https://www.audubon.org/art/birds-of-america/loggerhead-shrike,https://historicpittsburgh.org/islandora/object/pitt%3Aaud0057,unverified - check exact scan,not reviewed,sources/057.jpg,https://media.audubon.org/boa_illustration/plate-57-loggerhead-shrike.jpg,1965d2443f5d0797a78ded005f4f32ee6e3ae4492bb7aa12c5078222006ab0a3,present,https://commons.wikimedia.org/wiki/File:57_Loggerhead_Shrike.jpg
127,Monk Parakeet,exact common name,Myiopsitta monachus,Myiopsitta monachus,Monk Parakeet,myiopsitta-monachus,,existing upstream,,,,,,,,,,,present,https://commons.wikimedia.org/wiki/File:Parrots_in_captivity_(Vol._3._PL._07)_Quaker_Grey_Breasted_or_Monte_Video_Parrakeet_(8527254257).jpg
128,Red-vented Bulbul,exact common name,Pycnonotus cafer,Pycnonotus cafer,Red-vented Bulbul,pycnonotus-cafer,,needs source,,,,,,,,,,,present,https://commons.wikimedia.org/wiki/File:MolpastesKeulemans.jpg
129,Scaly-breasted Munia,exact common name,Lonchura punctulata,Lonchura punctulata,Scaly-breasted Munia,lonchura-punctulata,,needs source,,,,,,,,,,,missing,
130,Pacific Loon,exact common name,Gavia pacifica,Gavia pacifica,Pacific Loon,gavia-pacifica,,needs source,,,,,,,,,,,missing,
131,Common Loon,exact common name,Gavia immer,Gavia immer,Common Loon,gavia-immer,,existing upstream,,,,,,,,,,,present,https://commons.wikimedia.org/wiki/File:GouldBirdsEuropeVNorthern_Diver.jpg
132,Least Grebe,exact common name,Tachybaptus dominicus,Tachybaptus dominicus,Least Grebe,tachybaptus-dominicus,,needs source,,,,,,,,,,,present,https://commons.wikimedia.org/wiki/File:Illustrations_of_the_birds_of_Jamaica_(19501819684).jpg
133,Horned Grebe,exact common name,Podiceps auritus,Podiceps auritus,Horned Grebe,podiceps-auritus,,existing upstream,259,Horned Grebe,exact catalog title; still requires visual check,https://www.audubon.org/art/birds-of-america/horned-grebe,https://historicpittsburgh.org/islandora/object/pitt%3Aaud0259,unverified - check exact scan,not reviewed,,,,present,https://commons.wikimedia.org/wiki/File:GouldBirdsEuropeVHorned_Grebe.jpg
134,Eared Grebe,exact common name,Podiceps nigricollis,Podiceps nigricollis,Eared Grebe,podiceps-nigricollis,,existing upstream,404,Eared Grebe,exact catalog title; still requires visual check,https://www.audubon.org/art/birds-of-america/eared-grebe,https://historicpittsburgh.org/islandora/object/pitt%3Aaud0404,unverified - check exact scan,not reviewed,,,,present,https://commons.wikimedia.org/wiki/File:GouldBirdsEuropeVEared_Grebe.jpg
135,Western Grebe,exact common name,Aechmophorus occidentalis,Aechmophorus occidentalis,Western Grebe,aechmophorus-occidentalis,,needs source,,,,,,,,,,,missing,
136,Anhinga,exact common name,Anhinga anhinga,Anhinga anhinga,Anhinga,anhinga-anhinga,,needs source,,,,,,,,,,,present,https://commons.wikimedia.org/wiki/File:316_Black-bellied_Darter.jpg
137,Magnificent Frigatebird,exact common name,Fregata magnificens,Fregata magnificens,Magnificent Frigatebird,fregata-magnificens,,needs source,,,,,,,,,,,present,https://commons.wikimedia.org/wiki/File:271_Frigate_Pelican.jpg
138,American Bittern,exact common name,Botaurus lentiginosus,Botaurus lentiginosus,American Bittern,botaurus-lentiginosus,,existing upstream,337,American Bittern,exact catalog title; still requires visual check,https://www.audubon.org/art/birds-of-america/american-bittern,https://historicpittsburgh.org/islandora/object/pitt%3Aaud0337,unverified - check exact scan,not reviewed,,,,present,https://commons.wikimedia.org/wiki/File:GouldBirdsEuropeIVAmerican_Bittern.jpg
139,Least Bittern,exact common name,Botaurus exilis,Ixobrychus exilis,Least Bittern,botaurus-exilis,,source downloaded - NOT a finished asset,210,Least Bittern,exact catalog title; still requires visual check,https://www.audubon.org/art/birds-of-america/least-bittern,https://historicpittsburgh.org/islandora/object/pitt%3Aaud0210,unverified - check exact scan,not reviewed,sources/210.jpg,https://media.audubon.org/boa_illustration/plate-210-least-bittern.jpg,db0017b45c1154a9bbcdf4c83740ce22e3a0ba8a9eede85b06d578e0781f2486,missing,
140,Little Blue Heron,exact common name,Egretta caerulea,Egretta caerulea,Little Blue Heron,egretta-caerulea,,needs source,,,,,,,,,,,present,https://commons.wikimedia.org/wiki/File:307_Blue_Crane_or_Heron.jpg
141,Tricolored Heron,exact common name,Egretta tricolor,Egretta tricolor,Tricolored Heron,egretta-tricolor,,needs source,,,,,,,,,,,present,https://commons.wikimedia.org/wiki/File:217_Louisiana_Heron.jpg
142,Reddish Egret,exact common name,Egretta rufescens,Egretta rufescens,Reddish Egret,egretta-rufescens,,needs source,,,,,,,,,,,present,https://commons.wikimedia.org/wiki/File:256_Purple_Heron.jpg
143,Cattle Egret,exact common name,Ardea ibis,Bubulcus ibis,Cattle Egret,ardea-ibis,,needs source,,,,,,,,,,,missing,
144,Black-crowned Night-Heron,exact common name,Nycticorax nycticorax,Nycticorax nycticorax,Black-crowned Night-Heron,nycticorax-nycticorax,,existing upstream,,,,,,,,,,,present,https://commons.wikimedia.org/wiki/File:GouldBirdsEuropeIVCommon_Night_Heron.jpg
145,Glossy Ibis,exact common name,Plegadis falcinellus,Plegadis falcinellus,Glossy Ibis,plegadis-falcinellus,,existing upstream,388,Glossy Ibis,exact catalog title; still requires visual check,https://www.audubon.org/art/birds-of-america/nuttalls-starling,https://historicpittsburgh.org/islandora/object/pitt%3Aaud0388,unverified - check exact scan,not reviewed,,,,present,https://commons.wikimedia.org/wiki/File:GouldBirdsEuropeIVGlossy_Ibis.jpg
146,White-faced Ibis,exact common name,Plegadis chihi,Plegadis chihi,White-faced Ibis,plegadis-chihi,,needs source,,,,,,,,,,,missing,
147,Wood Stork,exact common name,Mycteria americana,Mycteria americana,Wood Stork,mycteria-americana,,needs source,,,,,,,,,,,present,https://commons.wikimedia.org/wiki/File:216_Wood_Ibiss.jpg
148,Fulvous Whistling-Duck,exact common name,Dendrocygna bicolor,Dendrocygna bicolor,Fulvous Whistling-Duck,dendrocygna-bicolor,,needs source,,,,,,,,,,,present,https://commons.wikimedia.org/wiki/File:The_game_birds_of_California_(Pl._7)_(6714572401).jpg
149,Greater White-fronted Goose,exact common name,Anser albifrons,Anser albifrons,Greater White-fronted Goose,anser-albifrons,,existing upstream,,,,,,,,,,,present,https://commons.wikimedia.org/wiki/File:GouldBirdsEuropeVWhite-fronted_Goose.jpg
150,Snow Goose,exact common name,Anser caerulescens,Anser caerulescens,Snow Goose,anser-caerulescens,,existing upstream,382,Snow Goose,exact catalog title; still requires visual check,https://www.audubon.org/art/birds-of-america/sharp-tailed-grouse,https://historicpittsburgh.org/islandora/object/pitt%3Aaud0382,unverified - check exact scan,not reviewed,,,,present,https://commons.wikimedia.org/wiki/File:The_birds_of_Europe_(1837)_(14563947840).jpg
151,Ross's Goose,exact common name,Anser rossii,Anser rossii,Ross's Goose,anser-rossii,,needs source,,,,,,,,,,,missing,
152,Canada Goose,exact common name,Branta canadensis,Branta canadensis,Canada Goose,branta-canadensis,,existing upstream,201,Canada Goose,exact catalog title; still requires visual check,https://www.audubon.org/art/birds-of-america/canada-goose,https://historicpittsburgh.org/islandora/object/pitt%3Aaud0201,unverified - check exact scan,not reviewed,,,,present,https://commons.wikimedia.org/wiki/File:British_game_birds_and_wildfowl_(Plate_32)_(8093637854).jpg
153,Cinnamon Teal,exact common name,Spatula cyanoptera,Spatula cyanoptera,Cinnamon Teal,spatula-cyanoptera,,existing upstream,,,,,,,,,,,present,https://commons.wikimedia.org/wiki/File:Bird_illustration_from_Svenska_F%C3%A5glar_(Swedish_Birds)_by_the_von_Wright_brothers_from_rawpixel%27s_original_edition_of_the_publication_00158.jpg
154,Northern Pintail,exact common name,Anas acuta,Anas acuta,Northern Pintail,anas-acuta,,existing upstream,,,,,,,,,,,present,https://commons.wikimedia.org/wiki/File:GouldBirdsEuropeVPintail_Duck.jpg
155,Canvasback,exact common name,Aythya valisineria,Aythya valisineria,Canvasback,aythya-valisineria,,needs source,,,,,,,,,,,present,https://commons.wikimedia.org/wiki/File:301_Canvas_backed_Duck.jpg
156,Redhead,exact common name,Aythya americana,Aythya americana,Redhead,aythya-americana,,needs source,,,,,,,,,,,present,https://commons.wikimedia.org/wiki/File:322_Red-headed_Duck.jpg
157,Ring-necked Duck,exact common name,Aythya collaris,Aythya collaris,Ring-necked Duck,aythya-collaris,,source downloaded - NOT a finished asset,234,Ring-necked Duck,exact catalog title; still requires visual check,https://www.audubon.org/art/birds-of-america/ring-necked-duck,https://historicpittsburgh.org/islandora/object/pitt%3Aaud0234,unverified - check exact scan,not reviewed,sources/234.jpg,https://media.audubon.org/boa_illustration/plate-234-ring-necked-duck.jpg,17116de32f4b1c3eb2a5f4c56ae6bb4fcf5f06bccb278b4e3e1c9b38f2c7d094,present,https://commons.wikimedia.org/wiki/File:234_Tufted_Duck.jpg
158,Lesser Scaup,exact common name,Aythya affinis,Aythya affinis,Lesser Scaup,aythya-affinis,,needs source,,,,,,,,,,,missing,
159,Greater Scaup,exact common name,Aythya marila,Aythya marila,Greater Scaup,aythya-marila,,existing upstream,,,,,,,,,,,present,https://commons.wikimedia.org/wiki/File:GouldBirdsEuropeVScaup_Pochard.jpg
160,Surf Scoter,exact common name,Melanitta perspicillata,Melanitta perspicillata,Surf Scoter,melanitta-perspicillata,,existing upstream,,,,,,,,,,,present,https://commons.wikimedia.org/wiki/File:GouldBirdsEuropeVSurf_Scoter.jpg
161,White-winged Scoter,unresolved,,,,,,taxonomy review,,,,,,,,,,,taxonomy-review,
162,Black Scoter,exact common name,Melanitta americana,Melanitta americana,Black Scoter,melanitta-americana,,needs source,,,,,,,,,,,missing,
163,Long-tailed Duck,exact common name,Clangula hyemalis,Clangula hyemalis,Long-tailed Duck,clangula-hyemalis,,existing upstream,312,Long-tailed Duck,exact catalog title; still requires visual check,https://www.audubon.org/art/birds-of-america/long-tailed-duck,https://historicpittsburgh.org/islandora/object/pitt%3Aaud0312,unverified - check exact scan,not reviewed,,,,present,https://commons.wikimedia.org/wiki/File:GouldBirdsEuropeVLong-tailed_Duck.jpg
164,Bufflehead,exact common name,Bucephala albeola,Bucephala albeola,Bufflehead,bucephala-albeola,,needs source,,,,,,,,,,,present,https://commons.wikimedia.org/wiki/File:325_Buffel-headed_Duck.jpg
165,Common Goldeneye,exact common name,Bucephala clangula,Bucephala clangula,Common Goldeneye,bucephala-clangula,,existing upstream,,,,,,,,,,,present,https://commons.wikimedia.org/wiki/File:GouldBirdsEuropeVGoldeneye.jpg
166,Barrow's Goldeneye,exact common name,Bucephala islandica,Bucephala islandica,Barrow's Goldeneye,bucephala-islandica,,existing upstream,,,,,,,,,,,present,https://commons.wikimedia.org/wiki/File:GouldBirdsEuropeVBarrows_Duck.jpg
167,Hooded Merganser,exact common name,Lophodytes cucullatus,Lophodytes cucullatus,Hooded Merganser,lophodytes-cucullatus,,existing upstream,232,Hooded Merganser,exact catalog title; still requires visual check,https://www.audubon.org/art/birds-of-america/hooded-merganser,https://historicpittsburgh.org/islandora/object/pitt%3Aaud0232,unverified - check exact scan,not reviewed,,,,present,https://commons.wikimedia.org/wiki/File:GouldBirdsEuropeVHooded_Merganser.jpg
168,Red-breasted Merganser,exact common name,Mergus serrator,Mergus serrator,Red-breasted Merganser,mergus-serrator,,existing upstream,401,Red-breasted Merganser,exact catalog title; still requires visual check,https://www.audubon.org/art/birds-of-america/red-breasted-merganser,https://historicpittsburgh.org/islandora/object/pitt%3Aaud0401,unverified - check exact scan,not reviewed,,,,present,https://commons.wikimedia.org/wiki/File:GouldBirdsEuropeVRed-breasted_Merganser.jpg
169,Common Merganser,exact common name,Mergus merganser,Mergus merganser,Common Merganser,mergus-merganser,,existing upstream,,,,,,,,,,,present,https://commons.wikimedia.org/wiki/File:GouldBirdsEuropeVGoosander.jpg
170,Ruddy Duck,exact common name,Oxyura jamaicensis,Oxyura jamaicensis,Ruddy Duck,oxyura-jamaicensis,,source downloaded - NOT a finished asset,343,Ruddy Duck,exact catalog title; still requires visual check,https://www.audubon.org/art/birds-of-america/ruddy-duck,https://historicpittsburgh.org/islandora/object/pitt%3Aaud0343,unverified - check exact scan,not reviewed,sources/343.jpg,https://media.audubon.org/boa_illustration/plate-343-ruddy-duck.jpg,4f5c44d31c6b08079e12c4a040e6582af6bf5a54a440c8c9fd4db05f33438272,present,https://commons.wikimedia.org/wiki/File:343_Ruddy_Duck.jpg
171,Osprey,exact common name,Pandion haliaetus,Pandion haliaetus,Osprey,pandion-haliaetus,,existing upstream,81,"Fish Hawk, or Osprey",historical-title candidate; verify on institution page,https://www.audubon.org/art/birds-of-america/fish-hawk-or-osprey,https://historicpittsburgh.org/islandora/object/pitt%3Aaud0081,unverified - check exact scan,not reviewed,,,,present,https://commons.wikimedia.org/wiki/File:GouldBirdsEuropeIOsprey.jpg
172,Swallow-tailed Kite,exact common name,Elanoides forficatus,Elanoides forficatus,Swallow-tailed Kite,elanoides-forficatus,,existing upstream,,,,,,,,,,,present,https://commons.wikimedia.org/wiki/File:The_birds_of_Europe_(9398548273).jpg
173,White-tailed Kite,exact common name,Elanus leucurus,Elanus leucurus,White-tailed Kite,elanus-leucurus,,needs source,,,,,,,,,,,present,https://commons.wikimedia.org/wiki/File:352_Black-Winged_Hawk.jpg
174,Bald Eagle,exact common name,Haliaeetus leucocephalus,Haliaeetus leucocephalus,Bald Eagle,haliaeetus-leucocephalus,,existing upstream,31,White-headed Eagle,historical-title candidate; verify on institution page,https://www.audubon.org/art/birds-of-america/white-headed-eagle,https://historicpittsburgh.org/islandora/object/pitt%3Aaud0031,unverified - check exact scan,not reviewed,,,,present,https://commons.wikimedia.org/wiki/File:GouldBirdsEuropeIWhite-headed_Eagle.jpg
175,Northern Harrier,exact common name,Circus hudsonius,Circus hudsonius,Northern Harrier,circus-hudsonius,,source downloaded - NOT a finished asset,356,Marsh Hawk,historical-title candidate; verify on institution page,https://www.audubon.org/art/birds-of-america/marsh-hawk,https://historicpittsburgh.org/islandora/object/pitt%3Aaud0356,unverified - check exact scan,not reviewed,sources/356.jpg,https://media.audubon.org/boa_illustration/plate-356-marsh-hawk.jpg,7eb4fb77632877cddd33767bbcee507cd0da05e4e9043de1c77d4cec312cbc04,missing,
176,Sharp-shinned Hawk,exact common name,Accipiter striatus,Accipiter striatus,Sharp-shinned Hawk,accipiter-striatus,,source downloaded - NOT a finished asset,375,Sharp-shinned Hawk,exact catalog title; still requires visual check,https://www.audubon.org/art/birds-of-america/lesser-red-poll,https://historicpittsburgh.org/islandora/object/pitt%3Aaud0375,unverified - check exact scan,not reviewed,sources/375.jpg,https://media.audubon.org/boa_illustration/plate-375-lesser-red-poll.jpg,33ad89f6ce588e92e3a18eeb753713512bbf282a43208adb6c795be5c0cbc37a,missing,
177,Broad-winged Hawk,exact common name,Buteo platypterus,Buteo platypterus,Broad-winged Hawk,buteo-platypterus,,source downloaded - NOT a finished asset,91,Broad-winged Hawk,exact catalog title; still requires visual check,https://www.audubon.org/art/birds-of-america/broad-winged-hawk,https://historicpittsburgh.org/islandora/object/pitt%3Aaud0091,unverified - check exact scan,not reviewed,sources/091.jpg,https://media.audubon.org/boa_illustration/plate-91-broad-winged-hawk.jpg,26087d04ce2218007bea7a4d31df45c9ca0ac2805eadf478cc0c695b92c67cd5,present,https://commons.wikimedia.org/wiki/File:91_Broad-winged_Hawk.jpg
178,White-tailed Hawk,exact common name,Geranoaetus albicaudatus,Geranoaetus albicaudatus,White-tailed Hawk,geranoaetus-albicaudatus,,needs source,,,,,,,,,,,missing,
179,Zone-tailed Hawk,exact common name,Buteo albonotatus,Buteo albonotatus,Zone-tailed Hawk,buteo-albonotatus,,needs source,,,,,,,,,,,missing,
180,Ferruginous Hawk,exact common name,Buteo regalis,Buteo regalis,Ferruginous Hawk,buteo-regalis,,needs source,,,,,,,,,,,missing,
181,Rough-legged Hawk,exact common name,Buteo lagopus,Buteo lagopus,Rough-legged Hawk,buteo-lagopus,,existing upstream,,,,,,,,,,,present,https://commons.wikimedia.org/wiki/File:GouldBirdsEuropeIRough-legged_Buzzard.jpg
182,Golden Eagle,exact common name,Aquila chrysaetos,Aquila chrysaetos,Golden Eagle,aquila-chrysaetos,,existing upstream,181,Golden Eagle,exact catalog title; still requires visual check,https://www.audubon.org/art/birds-of-america/golden-eagle,https://historicpittsburgh.org/islandora/object/pitt%3Aaud0181,unverified - check exact scan,not reviewed,,,,present,https://commons.wikimedia.org/wiki/File:GouldBirdsEuropeIGolden_Eagle.jpg
183,Merlin,exact common name,Falco columbarius,Falco columbarius,Merlin,falco-columbarius,,existing upstream,,,,,,,,,,,present,https://commons.wikimedia.org/wiki/File:GouldBirdsEuropeIMerlin.jpg
184,Peregrine Falcon,exact common name,Falco peregrinus,Falco peregrinus,Peregrine Falcon,falco-peregrinus,,existing upstream,16,Great-footed Hawk,historical-title candidate; verify on institution page,https://www.audubon.org/art/birds-of-america/great-footed-hawk,https://historicpittsburgh.org/islandora/object/pitt%3Aaud0016,unverified - check exact scan,not reviewed,,,,present,https://commons.wikimedia.org/wiki/File:GouldBirdsEuropeIPeregrine_Falcon.jpg
185,Prairie Falcon,exact common name,Falco mexicanus,Falco mexicanus,Prairie Falcon,falco-mexicanus,,needs source,,,,,,,,,,,present,"https://commons.wikimedia.org/wiki/File:Illustrations_of_the_birds_of_California,_Texas,_Oregon,_British_and_Russian_America_(Plate_16)_(6306009493).jpg"
186,Wild Turkey,exact common name,Meleagris gallopavo,Meleagris gallopavo,Wild Turkey,meleagris-gallopavo,,source downloaded - NOT a finished asset,1,Wild Turkey,exact catalog title; still requires visual check,https://www.audubon.org/art/birds-of-america/wild-turkey,https://historicpittsburgh.org/islandora/object/pitt%3Aaud0001,unverified - check exact scan,not reviewed,sources/001.jpg,https://media.audubon.org/boa_illustration/plate-1-wild-turkey.jpg,76fdb17d0041d5bb8bf2c5ce0004f7654e4673c33526860157291fcd047a9837,missing,
187,Northern Bobwhite,exact common name,Colinus virginianus,Colinus virginianus,Northern Bobwhite,colinus-virginianus,,source downloaded - NOT a finished asset,76,Virginian Partridge,historical-title candidate; verify on institution page,https://www.audubon.org/art/birds-of-america/virginian-partridge,https://historicpittsburgh.org/islandora/object/pitt%3Aaud0076,unverified - check exact scan,not reviewed,sources/076.jpg,https://media.audubon.org/boa_illustration/plate-76-virginian-partridge.jpg,f5b32cdd12a035410a4d88bd1fdf7bc4a74305ae6fc0ae7f0867e7c70333848a,missing,
188,Sandhill Crane,exact common name,Antigone canadensis,Antigone canadensis,Sandhill Crane,antigone-canadensis,,needs source,,,,,,,,,,,present,https://commons.wikimedia.org/wiki/File:261_Hooping_Crane.jpg
189,Black-bellied Plover,exact common name,Pluvialis squatarola,Pluvialis squatarola,Black-bellied Plover,pluvialis-squatarola,,existing upstream,334,Black-bellied Plover,exact catalog title; still requires visual check,https://www.audubon.org/art/birds-of-america/black-bellied-plover,https://historicpittsburgh.org/islandora/object/pitt%3Aaud0334,unverified - check exact scan,not reviewed,,,,present,https://commons.wikimedia.org/wiki/File:GouldBirdsEuropeIVGrey_Plover.jpg
190,American Golden-Plover,exact common name,Pluvialis dominica,Pluvialis dominica,American Golden-Plover,pluvialis-dominica,,needs source,,,,,,,,,,,present,https://commons.wikimedia.org/wiki/File:300_Golden_Plover.jpg
191,Snowy Plover,exact common name,Anarhynchus nivosus,Charadrius nivosus,Snowy Plover,anarhynchus-nivosus,,needs source,,,,,,,,,,,missing,
192,Wilson's Plover,exact common name,Anarhynchus wilsonia,Charadrius wilsonia,Wilson's Plover,anarhynchus-wilsonia,,source downloaded - NOT a finished asset,209,Wilson's Plover,exact catalog title; still requires visual check,https://www.audubon.org/art/birds-of-america/wilsons-plover,https://historicpittsburgh.org/islandora/object/pitt%3Aaud0209,unverified - check exact scan,not reviewed,sources/209.jpg,https://media.audubon.org/boa_illustration/plate-209-wilsons-plover.jpg,c58dca105fba96dd2a7c431f5b92868a2b37470d5bbfda63b34cea6252def49f,present,https://commons.wikimedia.org/wiki/File:209_Wilson%27s_Plover.jpg
193,Semipalmated Plover,exact common name,Charadrius semipalmatus,Charadrius semipalmatus,Semipalmated Plover,charadrius-semipalmatus,,needs source,,,,,,,,,,,present,https://commons.wikimedia.org/wiki/File:330_Ring_Plover.jpg
194,Piping Plover,exact common name,Charadrius melodus,Charadrius melodus,Piping Plover,charadrius-melodus,,source downloaded - NOT a finished asset,220,Piping Plover,exact catalog title; still requires visual check,https://www.audubon.org/art/birds-of-america/piping-plover,https://historicpittsburgh.org/islandora/object/pitt%3Aaud0220,unverified - check exact scan,not reviewed,sources/220.jpg,https://media.audubon.org/boa_illustration/plate-220-piping-plover.jpg,09a4c23ea508d2634ad60dde7d507766a471fe0cf814edff4ec4e39e4b4c4fbd,missing,
195,Black-necked Stilt,exact common name,Himantopus mexicanus,Himantopus mexicanus,Black-necked Stilt,himantopus-mexicanus,,needs source,,,,,,,,,,,present,https://commons.wikimedia.org/wiki/File:328_Long-legged_Avocet.jpg
196,American Avocet,exact common name,Recurvirostra americana,Recurvirostra americana,American Avocet,recurvirostra-americana,,source downloaded - NOT a finished asset,318,American Avocet,exact catalog title; still requires visual check,https://www.audubon.org/art/birds-of-america/american-avocet,https://historicpittsburgh.org/islandora/object/pitt%3Aaud0318,unverified - check exact scan,not reviewed,sources/318.jpg,https://media.audubon.org/boa_illustration/plate-318-american-avocet.jpg,f947d448967fe8c8a2864a6a7370e9accc9716d1a199d976e7319c2663a14ffa,present,https://commons.wikimedia.org/wiki/File:318_American_Avocet.jpg
197,Greater Yellowlegs,exact common name,Tringa melanoleuca,Tringa melanoleuca,Greater Yellowlegs,tringa-melanoleuca,,needs source,,,,,,,,,,,missing,
198,Lesser Yellowlegs,exact common name,Tringa flavipes,Tringa flavipes,Lesser Yellowlegs,tringa-flavipes,,needs source,,,,,,,,,,,present,https://commons.wikimedia.org/wiki/File:288_Yellow_Shank.jpg
199,Solitary Sandpiper,exact common name,Tringa solitaria,Tringa solitaria,Solitary Sandpiper,tringa-solitaria,,source downloaded - NOT a finished asset,289,Solitary Sandpiper,exact catalog title; still requires visual check,https://www.audubon.org/art/birds-of-america/solitary-sandpiper,https://historicpittsburgh.org/islandora/object/pitt%3Aaud0289,unverified - check exact scan,not reviewed,sources/289.jpg,https://media.audubon.org/boa_illustration/plate-289-solitary-sandpiper.jpg,56ef8eb3fb71e76c70e170c5a5edf5215c226805338c8dde1b3be548f5c4df14,present,https://commons.wikimedia.org/wiki/File:289_Solitary_Sandpiper.jpg
200,Willet,exact common name,Tringa semipalmata,Tringa semipalmata,Willet,tringa-semipalmata,,needs source,,,,,,,,,,,missing,
201,Upland Sandpiper,exact common name,Bartramia longicauda,Bartramia longicauda,Upland Sandpiper,bartramia-longicauda,,existing upstream,,,,,,,,,,,present,https://commons.wikimedia.org/wiki/File:GouldBirdsEuropeIVBartrams_Sandpiper.jpg
202,Whimbrel,exact common name,Numenius phaeopus,Numenius phaeopus,Whimbrel,numenius-phaeopus,,existing upstream,,,,,,,,,,,present,https://commons.wikimedia.org/wiki/File:GouldBirdsEuropeIVWhimbrel.jpg
203,Long-billed Curlew,exact common name,Numenius americanus,Numenius americanus,Long-billed Curlew,numenius-americanus,,source downloaded - NOT a finished asset,231,Long-billed Curlew,exact catalog title; still requires visual check,https://www.audubon.org/art/birds-of-america/long-billed-curlew,https://historicpittsburgh.org/islandora/object/pitt%3Aaud0231,unverified - check exact scan,not reviewed,sources/231.jpg,https://media.audubon.org/boa_illustration/plate-231-long-billed-curlew.jpg,61ca81cea2c721c21e4db2b40ac388bd6bf4258fb70e12c84d208fdd15de1857,present,https://commons.wikimedia.org/wiki/File:231_Long-billed_Curlew.jpg
204,Hudsonian Godwit,exact common name,Limosa haemastica,Limosa haemastica,Hudsonian Godwit,limosa-haemastica,,source downloaded - NOT a finished asset,258,Hudsonian Godwit,exact catalog title; still requires visual check,https://www.audubon.org/art/birds-of-america/hudsonian-godwit,https://historicpittsburgh.org/islandora/object/pitt%3Aaud0258,unverified - check exact scan,not reviewed,sources/258.jpg,https://media.audubon.org/boa_illustration/plate-258-hudsonian-godwit.jpg,d3a76bb7573c418b68e9dea0bfda36158106a3ee09758eeb0e723fcee44dd6db,missing,
205,Marbled Godwit,exact common name,Limosa fedoa,Limosa fedoa,Marbled Godwit,limosa-fedoa,,needs source,,,,,,,,,,,missing,
206,Ruddy Turnstone,exact common name,Arenaria interpres,Arenaria interpres,Ruddy Turnstone,arenaria-interpres,,existing upstream,,,,,,,,,,,present,https://commons.wikimedia.org/wiki/File:GouldBirdsEuropeIVTurnstone.jpg
207,Red Knot,exact common name,Calidris canutus,Calidris canutus,Red Knot,calidris-canutus,,existing upstream,,,,,,,,,,,present,https://commons.wikimedia.org/wiki/File:GouldBirdsEuropeIVKnot.jpg
208,Sanderling,exact common name,Calidris alba,Calidris alba,Sanderling,calidris-alba,,existing upstream,230,Sanderling,exact catalog title; still requires visual check,https://www.audubon.org/art/birds-of-america/sanderling,https://historicpittsburgh.org/islandora/object/pitt%3Aaud0230,unverified - check exact scan,not reviewed,,,,present,https://commons.wikimedia.org/wiki/File:GouldBirdsEuropeIVSanderling.jpg
209,Semipalmated Sandpiper,exact common name,Calidris pusilla,Calidris pusilla,Semipalmated Sandpiper,calidris-pusilla,,existing upstream,405,Semipalmated Sandpiper,exact catalog title; still requires visual check,https://www.audubon.org/art/birds-of-america/semipalmated-sandpiper,https://historicpittsburgh.org/islandora/object/pitt%3Aaud0405,unverified - check exact scan,not reviewed,,,,present,https://commons.wikimedia.org/wiki/File:GouldBirdsEuropeIVSemipalmated_Sandpiper.jpg
210,Western Sandpiper,exact common name,Calidris mauri,Calidris mauri,Western Sandpiper,calidris-mauri,,needs source,,,,,,,,,,,missing,
211,Least Sandpiper,exact common name,Calidris minutilla,Calidris minutilla,Least Sandpiper,calidris-minutilla,,needs source,,,,,,,,,,,missing,
212,White-rumped Sandpiper,exact common name,Calidris fuscicollis,Calidris fuscicollis,White-rumped Sandpiper,calidris-fuscicollis,,needs source,,,,,,,,,,,missing,
213,Baird's Sandpiper,exact common name,Calidris bairdii,Calidris bairdii,Baird's Sandpiper,calidris-bairdii,,needs source,,,,,,,,,,,missing,
214,Pectoral Sandpiper,exact common name,Calidris melanotos,Calidris melanotos,Pectoral Sandpiper,calidris-melanotos,,existing upstream,294,Pectoral Sandpiper,exact catalog title; still requires visual check,https://www.audubon.org/art/birds-of-america/pectoral-sandpiper,https://historicpittsburgh.org/islandora/object/pitt%3Aaud0294,unverified - check exact scan,not reviewed,,,,present,https://commons.wikimedia.org/wiki/File:GouldBirdsEuropeIVPectoral_Sandpiper.jpg
215,Purple Sandpiper,exact common name,Calidris maritima,Calidris maritima,Purple Sandpiper,calidris-maritima,,existing upstream,284,Purple Sandpiper,exact catalog title; still requires visual check,https://www.audubon.org/art/birds-of-america/purple-sandpiper,https://historicpittsburgh.org/islandora/object/pitt%3Aaud0284,unverified - check exact scan,not reviewed,,,,present,https://commons.wikimedia.org/wiki/File:GouldBirdsEuropeIVPurple_Sandpiper.jpg
216,Dunlin,exact common name,Calidris alpina,Calidris alpina,Dunlin,calidris-alpina,,existing upstream,,,,,,,,,,,present,https://commons.wikimedia.org/wiki/File:GouldBirdsEuropeIVSchinzs_Sandpiper.jpg
217,Stilt Sandpiper,exact common name,Calidris himantopus,Calidris himantopus,Stilt Sandpiper,calidris-himantopus,,needs source,,,,,,,,,,,present,https://commons.wikimedia.org/wiki/File:344_Long-legged_Sandpiper.jpg
218,Buff-breasted Sandpiper,exact common name,Calidris subruficollis,Calidris subruficollis,Buff-breasted Sandpiper,calidris-subruficollis,,existing upstream,265,Buff breasted Sandpiper,exact catalog title; still requires visual check,https://www.audubon.org/art/birds-of-america/buff-breasted-sandpiper,https://historicpittsburgh.org/islandora/object/pitt%3Aaud0265,unverified - check exact scan,not reviewed,,,,present,https://commons.wikimedia.org/wiki/File:GouldBirdsEuropeIVBuff-breasted_Sandpiper.jpg
219,Ruff,exact common name,Calidris pugnax,Calidris pugnax,Ruff,calidris-pugnax,,existing upstream,,,,,,,,,,,present,https://commons.wikimedia.org/wiki/File:GouldBirdsEuropeIVRuff.jpg
220,Short-billed Dowitcher,exact common name,Limnodromus griseus,Limnodromus griseus,Short-billed Dowitcher,limnodromus-griseus,,needs source,,,,,,,,,,,missing,
221,Long-billed Dowitcher,exact common name,Limnodromus scolopaceus,Limnodromus scolopaceus,Long-billed Dowitcher,limnodromus-scolopaceus,,needs source,,,,,,,,,,,missing,
222,Wilson's Snipe,exact common name,Gallinago delicata,Gallinago delicata,Wilson's Snipe,gallinago-delicata,,needs source,,,,,,,,,,,present,https://commons.wikimedia.org/wiki/File:243_American_Snipe.jpg
223,American Woodcock,exact common name,Scolopax minor,Scolopax minor,American Woodcock,scolopax-minor,,source downloaded - NOT a finished asset,268,American Woodcock,exact catalog title; still requires visual check,https://www.audubon.org/art/birds-of-america/american-woodcock,https://historicpittsburgh.org/islandora/object/pitt%3Aaud0268,unverified - check exact scan,not reviewed,sources/268.jpg,https://media.audubon.org/boa_illustration/plate-268-american-woodcock.jpg,eabcb0fab9c95f5a82020fdb2bbfd16e06db9a94ea98e7aa5b4be4bb69c3bf1e,missing,
224,Wilson's Phalarope,exact common name,Phalaropus tricolor,Phalaropus tricolor,Wilson's Phalarope,phalaropus-tricolor,,source downloaded - NOT a finished asset,254,Wilson's Phalarope,exact catalog title; still requires visual check,https://www.audubon.org/art/birds-of-america/wilsons-phalarope,https://historicpittsburgh.org/islandora/object/pitt%3Aaud0254,unverified - check exact scan,not reviewed,sources/254.jpg,https://media.audubon.org/boa_illustration/plate-254-wilsons-phalarope.jpg,930abd3a6dbf21f8dfd3123c88e1819f30eac75101a0aad79e174ad03e52fb1a,present,https://commons.wikimedia.org/wiki/File:254_Wilson%27s_Phalarope.jpg
225,Red-necked Phalarope,exact common name,Phalaropus lobatus,Phalaropus lobatus,Red-necked Phalarope,phalaropus-lobatus,,existing upstream,,,,,,,,,,,present,https://commons.wikimedia.org/wiki/File:GouldBirdsEuropeIVRed-necked_Phalarope.jpg
226,Red Phalarope,exact common name,Phalaropus fulicarius,Phalaropus fulicarius,Red Phalarope,phalaropus-fulicarius,,existing upstream,255,Red Phalarope,exact catalog title; still requires visual check,https://www.audubon.org/art/birds-of-america/red-phalarope,https://historicpittsburgh.org/islandora/object/pitt%3Aaud0255,unverified - check exact scan,not reviewed,,,,present,https://commons.wikimedia.org/wiki/File:GouldBirdsEuropeIVGrey_Phalarope.jpg
227,Parasitic Jaeger,exact common name,Stercorarius parasiticus,Stercorarius parasiticus,Parasitic Jaeger,stercorarius-parasiticus,,existing upstream,,,,,,,,,,,present,https://commons.wikimedia.org/wiki/File:GouldBirdsEuropeVRichardsons_Lestris.jpg
228,Long-tailed Jaeger,exact common name,Stercorarius longicaudus,Stercorarius longicaudus,Long-tailed Jaeger,stercorarius-longicaudus,,existing upstream,,,,,,,,,,,present,https://commons.wikimedia.org/wiki/File:Bird_illustration_from_Svenska_F%C3%A5glar_(Swedish_Birds)_by_the_von_Wright_brothers_from_rawpixel%27s_original_edition_of_the_publication_00043.jpg
229,Laughing Gull,exact common name,Leucophaeus atricilla,Leucophaeus atricilla,Laughing Gull,leucophaeus-atricilla,,needs source,,,,,,,,,,,missing,
230,Franklin's Gull,exact common name,Leucophaeus pipixcan,Leucophaeus pipixcan,Franklin's Gull,leucophaeus-pipixcan,,needs source,,,,,,,,,,,missing,
231,Little Gull,exact common name,Hydrocoloeus minutus,Hydrocoloeus minutus,Little Gull,hydrocoloeus-minutus,,existing upstream,,,,,,,,,,,present,https://commons.wikimedia.org/wiki/File:GouldBirdsEuropeVLittle_Gull.jpg
232,Bonaparte's Gull,exact common name,Chroicocephalus philadelphia,Chroicocephalus philadelphia,Bonaparte's Gull,chroicocephalus-philadelphia,,needs source,,,,,,,,,,,missing,
233,Ring-billed Gull,exact common name,Larus delawarensis,Larus delawarensis,Ring-billed Gull,larus-delawarensis,,needs source,,,,,,,,,,,missing,
234,California Gull,exact common name,Larus californicus,Larus californicus,California Gull,larus-californicus,,needs source,,,,,,,,,,,missing,
235,Herring Gull,exact common name,Larus argentatus,Larus argentatus,Herring Gull,larus-argentatus,,existing upstream,291,Herring Gull,exact catalog title; still requires visual check,https://www.audubon.org/art/birds-of-america/herring-gull,https://historicpittsburgh.org/islandora/object/pitt%3Aaud0291,unverified - check exact scan,not reviewed,,,,present,https://commons.wikimedia.org/wiki/File:GouldBirdsEuropeVHerring_Gull.jpg
236,Lesser Black-backed Gull,exact common name,Larus fuscus,Larus fuscus,Lesser Black-backed Gull,larus-fuscus,,existing upstream,,,,,,,,,,,present,https://commons.wikimedia.org/wiki/File:GouldBirdsEuropeVLesser_Black-backed_Gull.jpg
237,Glaucous Gull,exact common name,Larus hyperboreus,Larus hyperboreus,Glaucous Gull,larus-hyperboreus,,existing upstream,,,,,,,,,,,present,https://commons.wikimedia.org/wiki/File:GouldBirdsEuropeVGlaucous_Gull.jpg
238,Black-legged Kittiwake,exact common name,Rissa tridactyla,Rissa tridactyla,Black-legged Kittiwake,rissa-tridactyla,,existing upstream,,,,,,,,,,,present,https://commons.wikimedia.org/wiki/File:GouldBirdsEuropeVKittiwake_Gull.jpg
239,Sabine's Gull,exact common name,Xema sabini,Xema sabini,Sabine's Gull,xema-sabini,,existing upstream,,,,,,,,,,,present,https://commons.wikimedia.org/wiki/File:GouldBirdsEuropeVSabines_Gull.jpg
240,Gull-billed Tern,exact common name,Gelochelidon nilotica,Gelochelidon nilotica,Gull-billed Tern,gelochelidon-nilotica,,existing upstream,,,,,,,,,,,present,https://commons.wikimedia.org/wiki/File:GouldBirdsEuropeV_Gull-billed_Tern.jpg
241,Caspian Tern,exact common name,Hydroprogne caspia,Hydroprogne caspia,Caspian Tern,hydroprogne-caspia,,existing upstream,,,,,,,,,,,present,https://commons.wikimedia.org/wiki/File:GouldBirdsEuropeVCaspian_Tern.jpg
242,Royal Tern,exact common name,Thalasseus maximus,Thalasseus maximus,Royal Tern,thalasseus-maximus,,needs source,,,,,,,,,,,present,https://commons.wikimedia.org/wiki/File:273_Cayenne_Tern.jpg
243,Sandwich Tern,exact common name,Thalasseus sandvicensis,Thalasseus sandvicensis,Sandwich Tern,thalasseus-sandvicensis,,existing upstream,279,Sandwich Tern,exact catalog title; still requires visual check,https://www.audubon.org/art/birds-of-america/sandwich-tern,https://historicpittsburgh.org/islandora/object/pitt%3Aaud0279,unverified - check exact scan,not reviewed,,,,present,https://commons.wikimedia.org/wiki/File:GouldBirdsEuropeVSandwich_Tern.jpg
244,Common Tern,exact common name,Sterna hirundo,Sterna hirundo,Common Tern,sterna-hirundo,,existing upstream,,,,,,,,,,,present,https://commons.wikimedia.org/wiki/File:GouldBirdsEuropeVCommon_Tern.jpg
245,Forster's Tern,exact common name,Sterna forsteri,Sterna forsteri,Forster's Tern,sterna-forsteri,,needs source,,,,,,,,,,,missing,
246,Least Tern,exact common name,Sternula antillarum,Sternula antillarum,Least Tern,sternula-antillarum,,needs source,,,,,,,,,,,missing,
247,Black Tern,exact common name,Chlidonias niger,Chlidonias niger,Black Tern,chlidonias-niger,,existing upstream,280,Black Tern,exact catalog title; still requires visual check,https://www.audubon.org/art/birds-of-america/black-tern,https://historicpittsburgh.org/islandora/object/pitt%3Aaud0280,unverified - check exact scan,not reviewed,,,,present,https://commons.wikimedia.org/wiki/File:GouldBirdsEuropeVBlack_Tern.jpg
248,Black Skimmer,exact common name,Rynchops niger,Rynchops niger,Black Skimmer,rynchops-niger,,needs source,,,,,,,,,,,present,https://commons.wikimedia.org/wiki/File:323_Black_Skimmer_or_Shearwater.jpg
249,Inca Dove,exact common name,Columbina inca,Columbina inca,Inca Dove,columbina-inca,,needs source,,,,,,,,,,,missing,
250,Common Ground-Dove,exact common name,Columbina passerina,Columbina passerina,Common Ground Dove,columbina-passerina,,needs source,,,,,,,,,,,missing,
251,Black-billed Cuckoo,exact common name,Coccyzus erythropthalmus,Coccyzus erythropthalmus,Black-billed Cuckoo,coccyzus-erythropthalmus,,source downloaded - NOT a finished asset,32,Black-billed Cuckoo,exact catalog title; still requires visual check,https://www.audubon.org/art/birds-of-america/black-billed-cuckoo,https://historicpittsburgh.org/islandora/object/pitt%3Aaud0032,unverified - check exact scan,not reviewed,sources/032.jpg,https://media.audubon.org/boa_illustration/plate-32-black-billed-cuckoo.jpg,9e34f7fc327924d28284ce262008ed3fcd5a169c505694a7e900a85b1ad176f8,missing,
252,Groove-billed Ani,exact common name,Crotophaga sulcirostris,Crotophaga sulcirostris,Groove-billed Ani,crotophaga-sulcirostris,,needs source,,,,,,,,,,,missing,
253,Barn Owl,exact common name,Tyto alba,Tyto alba,Barn Owl,tyto-alba,,existing upstream,171,Barn Owl,exact catalog title; still requires visual check,https://www.audubon.org/art/birds-of-america/barn-owl,https://historicpittsburgh.org/islandora/object/pitt%3Aaud0171,unverified - check exact scan,not reviewed,,,,present,https://commons.wikimedia.org/wiki/File:GouldBirdsEuropeIBarn_Owl.jpg
254,Burrowing Owl,exact common name,Athene cunicularia,Athene cunicularia,Burrowing Owl,athene-cunicularia,,needs source,,,,,,,,,,,missing,
255,Long-eared Owl,exact common name,Asio otus,Asio otus,Long-eared Owl,asio-otus,,existing upstream,384,Long-eared Owl,exact catalog title; still requires visual check,https://www.audubon.org/art/birds-of-america/black-throated-bunting,https://historicpittsburgh.org/islandora/object/pitt%3Aaud0384,unverified - check exact scan,not reviewed,,,,present,https://commons.wikimedia.org/wiki/File:Asio_otus_by_John_Gould.jpg
256,Short-eared Owl,exact common name,Asio flammeus,Asio flammeus,Short-eared Owl,asio-flammeus,,existing upstream,,,,,,,,,,,present,https://commons.wikimedia.org/wiki/File:GouldBirdsEuropeIShort-Eared_Owl.jpg
257,Green Kingfisher,exact common name,Chloroceryle americana,Chloroceryle americana,Green Kingfisher,chloroceryle-americana,,needs source,,,,,,,,,,,missing,
258,Red-headed Woodpecker,exact common name,Melanerpes erythrocephalus,Melanerpes erythrocephalus,Red-headed Woodpecker,melanerpes-erythrocephalus,,source downloaded - NOT a finished asset,27,Red headed Woodpecker,exact catalog title; still requires visual check,https://www.audubon.org/art/birds-of-america/red-headed-woodpecker,https://historicpittsburgh.org/islandora/object/pitt%3Aaud0027,unverified - check exact scan,not reviewed,sources/027.jpg,https://media.audubon.org/boa_illustration/plate-27-red-headed-woodpecker.jpg,13cd7d653d0eeeadc16cff7439bbd676234b9999740616f80d3ac402e41fca8c,present,https://commons.wikimedia.org/wiki/File:27_Red_headed_Woodpecker.jpg
259,Acorn Woodpecker,exact common name,Melanerpes formicivorus,Melanerpes formicivorus,Acorn Woodpecker,melanerpes-formicivorus,,needs source,,,,,,,,,,,present,https://commons.wikimedia.org/wiki/File:Color_key_to_North_American_birds_(Page_153)_BHL7583682.jpg
260,Hairy Woodpecker,exact common name,Leuconotopicus villosus,Dryobates villosus,Hairy Woodpecker,leuconotopicus-villosus,,needs source,,,,,,,,,,,missing,
261,Olive-sided Flycatcher,exact common name,Contopus cooperi,Contopus cooperi,Olive-sided Flycatcher,contopus-cooperi,,source downloaded - NOT a finished asset,174,Olive sided Flycatcher,exact catalog title; still requires visual check,https://www.audubon.org/art/birds-of-america/olive-sided-flycatcher,https://historicpittsburgh.org/islandora/object/pitt%3Aaud0174,unverified - check exact scan,not reviewed,sources/174.jpg,https://media.audubon.org/boa_illustration/plate-174-olive-sided-flycatcher.jpg,ae028cf477262760609f27082e09c17e5eafb5a7f3091f3b246c45e1e2946709,present,https://commons.wikimedia.org/wiki/File:174_Olive_sided_Flycatcher.jpg
262,Western Wood-Pewee,exact common name,Contopus sordidulus,Contopus sordidulus,Western Wood-Pewee,contopus-sordidulus,,needs source,,,,,,,,,,,missing,
263,Yellow-bellied Flycatcher,exact common name,Empidonax flaviventris,Empidonax flaviventris,Yellow-bellied Flycatcher,empidonax-flaviventris,,needs source,,,,,,,,,,,present,https://commons.wikimedia.org/wiki/File:Birds_of_New_York_(Plate_68)_(7047586155).jpg
264,Acadian Flycatcher,exact common name,Empidonax virescens,Empidonax virescens,Acadian Flycatcher,empidonax-virescens,,needs source,,,,,,,,,,,missing,
265,Alder Flycatcher,exact common name,Empidonax alnorum,Empidonax alnorum,Alder Flycatcher,empidonax-alnorum,,needs source,,,,,,,,,,,present,https://commons.wikimedia.org/wiki/File:Birds_of_New_York_(Plate_68)_(7047586155).jpg
266,Willow Flycatcher,exact common name,Empidonax traillii,Empidonax traillii,Willow Flycatcher,empidonax-traillii,,needs source,,,,,,,,,,,missing,
267,Least Flycatcher,exact common name,Empidonax minimus,Empidonax minimus,Least Flycatcher,empidonax-minimus,,needs source,,,,,,,,,,,present,https://commons.wikimedia.org/wiki/File:Birds_of_village_and_field_(Plate_V)_BHL7288727.jpg
268,Western Flycatcher,unresolved,,,,,Resolve Empidonax difficilis/occidentalis model taxonomy before shipping.,taxonomy review,,,,,,,,,,,taxonomy-review,
269,Black Phoebe,exact common name,Sayornis nigricans,Sayornis nigricans,Black Phoebe,sayornis-nigricans,,needs source,,,,,,,,,,,missing,
270,Say's Phoebe,exact common name,Sayornis saya,Sayornis saya,Say's Phoebe,sayornis-saya,,needs source,,,,,,,,,,,missing,
271,Ash-throated Flycatcher,exact common name,Myiarchus cinerascens,Myiarchus cinerascens,Ash-throated Flycatcher,myiarchus-cinerascens,,needs source,,,,,,,,,,,missing,
272,Great Kiskadee,exact common name,Pitangus sulphuratus,Pitangus sulphuratus,Great Kiskadee,pitangus-sulphuratus,,needs source,,,,,,,,,,,missing,
273,Couch's Kingbird,exact common name,Tyrannus couchii,Tyrannus couchii,Couch's Kingbird,tyrannus-couchii,,needs source,,,,,,,,,,,missing,
274,Cassin's Kingbird,exact common name,Tyrannus vociferans,Tyrannus vociferans,Cassin's Kingbird,tyrannus-vociferans,,needs source,,,,,,,,,,,present,https://commons.wikimedia.org/wiki/File:Handbook_of_birds_of_the_western_United_States_BHL7575901.jpg
275,Bell's Vireo,exact common name,Vireo bellii,Vireo bellii,Bell's Vireo,vireo-bellii,,needs source,,,,,,,,,,,present,https://commons.wikimedia.org/wiki/File:The_birds_of_America_(Pl._485)_(8594234529).jpg
276,Plumbeous Vireo,exact common name,Vireo plumbeus,Vireo plumbeus,Plumbeous Vireo,vireo-plumbeus,,needs source,,,,,,,,,,,missing,
277,Blue-headed Vireo,exact common name,Vireo solitarius,Vireo solitarius,Blue-headed Vireo,vireo-solitarius,,needs source,,,,,,,,,,,missing,
278,Warbling Vireo,exact common name,Vireo gilvus,Vireo gilvus,Warbling Vireo,vireo-gilvus,,needs source,,,,,,,,,,,missing,
279,Philadelphia Vireo,exact common name,Vireo philadelphicus,Vireo philadelphicus,Philadelphia Vireo,vireo-philadelphicus,,needs source,,,,,,,,,,,missing,
280,Green Jay,exact common name,Cyanocorax yncas,Cyanocorax yncas,Green Jay,cyanocorax-yncas,,needs source,,,,,,,,,,,present,"https://commons.wikimedia.org/wiki/File:Illustrations_of_the_birds_of_California,_Texas,_Oregon,_British_and_Russian_America_(Plate_1)_(6306529250).jpg"
281,American Crow,exact common name,Corvus brachyrhynchos,Corvus brachyrhynchos,American Crow,corvus-brachyrhynchos,,source downloaded - NOT a finished asset,156,American Crow,exact catalog title; still requires visual check,https://www.audubon.org/art/birds-of-america/american-crow,https://historicpittsburgh.org/islandora/object/pitt%3Aaud0156,unverified - check exact scan,not reviewed,sources/156.jpg,https://media.audubon.org/boa_illustration/plate-156-american-crow.jpg,d31c9699a66d28e79b1cd27aa4cbd015fcb838c4502f1059e1047988e204a377,present,https://commons.wikimedia.org/wiki/File:156_American_Crow.jpg
282,Fish Crow,exact common name,Corvus ossifragus,Corvus ossifragus,Fish Crow,corvus-ossifragus,,source downloaded - NOT a finished asset,146,Fish Crow,exact catalog title; still requires visual check,https://www.audubon.org/art/birds-of-america/fish-crow,https://historicpittsburgh.org/islandora/object/pitt%3Aaud0146,unverified - check exact scan,not reviewed,sources/146.jpg,https://media.audubon.org/boa_illustration/plate-146-fish-crow.jpg,1271972bf6cdf62d07f669a310585545ece377761a57e7f6c943343cc6749b82,present,https://commons.wikimedia.org/wiki/File:146_Fish_Crow.jpg
283,Chihuahuan Raven,exact common name,Corvus cryptoleucus,Corvus cryptoleucus,Chihuahuan Raven,corvus-cryptoleucus,,needs source,,,,,,,,,,,missing,
284,Horned Lark,exact common name,Eremophila alpestris,Eremophila alpestris,Horned Lark,eremophila-alpestris,,existing upstream,,,,,,,,,,,present,https://commons.wikimedia.org/wiki/File:Bird_illustration_from_Svenska_F%C3%A5glar_(Swedish_Birds)_by_the_von_Wright_brothers_from_rawpixel%27s_original_edition_of_the_publication_00139.jpg
285,Bank Swallow,exact common name,Riparia riparia,Riparia riparia,Bank Swallow,riparia-riparia,,existing upstream,,,,,,,,,,,present,https://commons.wikimedia.org/wiki/File:GouldBirdsEuropeIISand_Martin.jpg
286,Red-breasted Nuthatch,exact common name,Sitta canadensis,Sitta canadensis,Red-breasted Nuthatch,sitta-canadensis,,source downloaded - NOT a finished asset,105,Red-breasted Nuthatch,exact catalog title; still requires visual check,https://www.audubon.org/art/birds-of-america/red-breasted-nuthatch,https://historicpittsburgh.org/islandora/object/pitt%3Aaud0105,unverified - check exact scan,not reviewed,sources/105.jpg,https://media.audubon.org/boa_illustration/plate-105-red-breasted-nuthatch.jpg,dc44150c43117ad94b8c48399d44c90b8fbccb94d2b7200c7b781160cae8a7a0,present,https://commons.wikimedia.org/wiki/File:105_Red-breasted_Nuthatch.jpg
287,White-breasted Nuthatch,exact common name,Sitta carolinensis,Sitta carolinensis,White-breasted Nuthatch,sitta-carolinensis,,existing upstream,,,,,,,,,,,present,https://media.audubon.org/boa_illustration/plate-152-white-breasted-black-capped-nuthatch.jpg
288,Brown-headed Nuthatch,exact common name,Sitta pusilla,Sitta pusilla,Brown-headed Nuthatch,sitta-pusilla,,source downloaded - NOT a finished asset,125,Brown-headed Nuthatch,exact catalog title; still requires visual check,https://www.audubon.org/art/birds-of-america/brown-headed-nuthatch,https://historicpittsburgh.org/islandora/object/pitt%3Aaud0125,unverified - check exact scan,not reviewed,sources/125.jpg,https://media.audubon.org/boa_illustration/plate-125-brown-headed-nuthatch.jpg,18352c1a15ed8abe069f5f52450177a3c8a190ef5bf98aefacd8955db8200d24,missing,
289,Rock Wren,exact common name,Salpinctes obsoletus,Salpinctes obsoletus,Rock Wren,salpinctes-obsoletus,,needs source,,,,,,,,,,,missing,
290,Winter Wren,exact common name,Troglodytes hiemalis,Troglodytes hiemalis,Winter Wren,troglodytes-hiemalis,,needs source,,,,,,,,,,,missing,
291,Sedge Wren,exact common name,Cistothorus stellaris,Cistothorus stellaris,Sedge Wren,cistothorus-stellaris,,needs source,,,,,,,,,,,missing,
292,Marsh Wren,exact common name,Cistothorus palustris,Cistothorus palustris,Marsh Wren,cistothorus-palustris,,source downloaded - NOT a finished asset,100,Marsh Wren,exact catalog title; still requires visual check,https://www.audubon.org/art/birds-of-america/marsh-wren,https://historicpittsburgh.org/islandora/object/pitt%3Aaud0100,unverified - check exact scan,not reviewed,sources/100.jpg,https://media.audubon.org/boa_illustration/plate-100-marsh-wren.jpg,2d1a32e4cffce56d7ffcc372a6740519adde4f9e3589b273c16ac7e51527b3f1,missing,
293,Mountain Bluebird,exact common name,Sialia currucoides,Sialia currucoides,Mountain Bluebird,sialia-currucoides,,needs source,,,,,,,,,,,missing,
294,Veery,exact common name,Catharus fuscescens,Catharus fuscescens,Veery,catharus-fuscescens,,needs source,,,,,,,,,,,missing,
295,Gray-cheeked Thrush,exact common name,Catharus minimus,Catharus minimus,Gray-cheeked Thrush,catharus-minimus,,needs source,,,,,,,,,,,missing,
296,Swainson's Thrush,exact common name,Catharus ustulatus,Catharus ustulatus,Swainson's Thrush,catharus-ustulatus,,needs source,,,,,,,,,,,missing,
297,Hermit Thrush,exact common name,Catharus guttatus,Catharus guttatus,Hermit Thrush,catharus-guttatus,,source downloaded - NOT a finished asset,58,Hermit Thrush,exact catalog title; still requires visual check,https://www.audubon.org/art/birds-of-america/hermit-thrush,https://historicpittsburgh.org/islandora/object/pitt%3Aaud0058,unverified - check exact scan,not reviewed,sources/058.jpg,https://media.audubon.org/boa_illustration/plate-58-hermit-thrush.jpg,dcef4be604a646e4ff56774354dcd1b3d29647fdbc44ebe18220e7725b96d4bf,present,https://commons.wikimedia.org/wiki/File:58_Hermit_Thrush.jpg
298,Wood Thrush,exact common name,Hylocichla mustelina,Hylocichla mustelina,Wood Thrush,hylocichla-mustelina,,source downloaded - NOT a finished asset,73,Wood Thrush,exact catalog title; still requires visual check,https://www.audubon.org/art/birds-of-america/wood-thrush,https://historicpittsburgh.org/islandora/object/pitt%3Aaud0073,unverified - check exact scan,not reviewed,sources/073.jpg,https://media.audubon.org/boa_illustration/plate-73-wood-thrush.jpg,2591135179e2b8c39619e7b060639e897c9ab4922481ecd0720c22169dce871a,missing,
299,Varied Thrush,exact common name,Ixoreus naevius,Ixoreus naevius,Varied Thrush,ixoreus-naevius,,needs source,,,,,,,,,,,missing,
300,American Pipit,exact common name,Anthus rubescens,Anthus rubescens,American Pipit,anthus-rubescens,,needs source,,,,,,,,,,,missing,
301,Sprague's Pipit,exact common name,Anthus spragueii,Anthus spragueii,Sprague's Pipit,anthus-spragueii,,needs source,,,,,,,,,,,present,https://commons.wikimedia.org/wiki/File:The_second_book_of_birds_(Pl._7)_(7105829785).jpg
302,Bohemian Waxwing,exact common name,Bombycilla garrulus,Bombycilla garrulus,Bohemian Waxwing,bombycilla-garrulus,,existing upstream,,,,,,,,,,,present,https://commons.wikimedia.org/wiki/File:The_birds_of_Europe_(1837)_(14565285848).jpg
303,Blue-winged Warbler,exact common name,Vermivora cyanoptera,Vermivora cyanoptera,Blue-winged Warbler,vermivora-cyanoptera,,source downloaded - NOT a finished asset,20,Blue-winged Yellow Warbler,historical-title candidate; verify on institution page,https://www.audubon.org/art/birds-of-america/blue-winged-yellow-warbler,https://historicpittsburgh.org/islandora/object/pitt%3Aaud0020,unverified - check exact scan,not reviewed,sources/020.jpg,https://media.audubon.org/boa_illustration/plate-20-blue-winged-yellow-warbler.jpg,6226b72b250c80c5215275b870a22662b5d3c60ef8aa1d37b84765be63139220,missing,
304,Golden-winged Warbler,exact common name,Vermivora chrysoptera,Vermivora chrysoptera,Golden-winged Warbler,vermivora-chrysoptera,,needs source,,,,,,,,,,,missing,
305,Tennessee Warbler,exact common name,Leiothlypis peregrina,Leiothlypis peregrina,Tennessee Warbler,leiothlypis-peregrina,,source downloaded - NOT a finished asset,154,Tennessee Warbler,exact catalog title; still requires visual check,https://www.audubon.org/art/birds-of-america/tennessee-warbler,https://historicpittsburgh.org/islandora/object/pitt%3Aaud0154,unverified - check exact scan,not reviewed,sources/154.jpg,https://media.audubon.org/boa_illustration/plate-154-tennessee-warbler.jpg,0ea9981ce7f39a23fcc1e7cc6b77485c080cce20e07c40826860b1b634b9442f,missing,
306,Nashville Warbler,exact common name,Leiothlypis ruficapilla,Leiothlypis ruficapilla,Nashville Warbler,leiothlypis-ruficapilla,,source downloaded - NOT a finished asset,89,Nashville Warbler,exact catalog title; still requires visual check,https://www.audubon.org/art/birds-of-america/nashville-warbler,https://historicpittsburgh.org/islandora/object/pitt%3Aaud0089,unverified - check exact scan,not reviewed,sources/089.jpg,https://media.audubon.org/boa_illustration/plate-89-nashville-warbler.jpg,db24c57219fc09e71969c3bbe8498b30b6b0102089d8501ce6b12095cb9015f8,missing,
307,Chestnut-sided Warbler,exact common name,Setophaga pensylvanica,Setophaga pensylvanica,Chestnut-sided Warbler,setophaga-pensylvanica,,source downloaded - NOT a finished asset,59,Chestnut-sided Warbler,exact catalog title; still requires visual check,https://www.audubon.org/art/birds-of-america/chestnut-sided-warbler,https://historicpittsburgh.org/islandora/object/pitt%3Aaud0059,unverified - check exact scan,not reviewed,sources/059.jpg,https://media.audubon.org/boa_illustration/plate-59-chestnut-sided-warbler.jpg,397d24ff0ace834107e53126375e6c919ab635f7228618d50f9944d03a7a4a50,present,https://commons.wikimedia.org/wiki/File:59_Chestnut-sided_Warbler.jpg
308,Magnolia Warbler,exact common name,Setophaga magnolia,Setophaga magnolia,Magnolia Warbler,setophaga-magnolia,,needs source,,,,,,,,,,,missing,
309,Cape May Warbler,exact common name,Setophaga tigrina,Setophaga tigrina,Cape May Warbler,setophaga-tigrina,,needs source,,,,,,,,,,,missing,
310,Black-throated Blue Warbler,exact common name,Setophaga caerulescens,Setophaga caerulescens,Black-throated Blue Warbler,setophaga-caerulescens,,source downloaded - NOT a finished asset,155,Black-throated Blue Warbler,exact catalog title; still requires visual check,https://www.audubon.org/art/birds-of-america/black-throated-blue-warbler,https://historicpittsburgh.org/islandora/object/pitt%3Aaud0155,unverified - check exact scan,not reviewed,sources/155.jpg,https://media.audubon.org/boa_illustration/plate-155-black-throated-blue-warbler.jpg,0051b122f14636961b971e2b08879642f32cfe6dc0e6851ac160636f8923a73a,missing,
311,Black-throated Gray Warbler,exact common name,Setophaga nigrescens,Setophaga nigrescens,Black-throated Gray Warbler,setophaga-nigrescens,,needs source,,,,,,,,,,,missing,
312,Golden-cheeked Warbler,exact common name,Setophaga chrysoparia,Setophaga chrysoparia,Golden-cheeked Warbler,setophaga-chrysoparia,,needs source,,,,,,,,,,,missing,
313,Black-throated Green Warbler,exact common name,Setophaga virens,Setophaga virens,Black-throated Green Warbler,setophaga-virens,,needs source,,,,,,,,,,,missing,
314,Townsend's Warbler,exact common name,Setophaga townsendi,Setophaga townsendi,Townsend's Warbler,setophaga-townsendi,,needs source,,,,,,,,,,,missing,
315,Blackburnian Warbler,exact common name,Setophaga fusca,Setophaga fusca,Blackburnian Warbler,setophaga-fusca,,source downloaded - NOT a finished asset,135,Blackburnian Warbler,exact catalog title; still requires visual check,https://www.audubon.org/art/birds-of-america/blackburnian-warbler,https://historicpittsburgh.org/islandora/object/pitt%3Aaud0135,unverified - check exact scan,not reviewed,sources/135.jpg,https://media.audubon.org/boa_illustration/plate-135-blackburnian-warbler.jpg,11a4c7f29a460a3c931c614092abe305a9ba282034df450d4e89c202e71c0a01,present,https://commons.wikimedia.org/wiki/File:135_Blackburnian_Warbler.jpg
316,Prairie Warbler,exact common name,Setophaga discolor,Setophaga discolor,Prairie Warbler,setophaga-discolor,,source downloaded - NOT a finished asset,14,Prairie Warbler,exact catalog title; still requires visual check,https://www.audubon.org/art/birds-of-america/prairie-warbler,https://historicpittsburgh.org/islandora/object/pitt%3Aaud0014,unverified - check exact scan,not reviewed,sources/014.jpg,https://media.audubon.org/boa_illustration/plate-14-prairie-warbler.jpg,5cec7bda403c6a1feb29da35d27242b1f4d346f05c436bbea296d57dc6a69275,present,https://commons.wikimedia.org/wiki/File:14_Prairie_Warbler.jpg
317,Palm Warbler,exact common name,Setophaga palmarum,Setophaga palmarum,Palm Warbler,setophaga-palmarum,,source downloaded - NOT a finished asset,163,Palm Warbler,exact catalog title; still requires visual check,https://www.audubon.org/art/birds-of-america/palm-warbler,https://historicpittsburgh.org/islandora/object/pitt%3Aaud0163,unverified - check exact scan,not reviewed,sources/163.jpg,https://media.audubon.org/boa_illustration/plate-163-palm-warbler.jpg,f923e819ac4443ccba2bd450c55b2d5a0e777910565f9aebc4e5c766f40adcc2,missing,
318,Bay-breasted Warbler,exact common name,Setophaga castanea,Setophaga castanea,Bay-breasted Warbler,setophaga-castanea,,source downloaded - NOT a finished asset,69,Bay-breasted Warbler,exact catalog title; still requires visual check,https://www.audubon.org/art/birds-of-america/bay-breasted-warbler,https://historicpittsburgh.org/islandora/object/pitt%3Aaud0069,unverified - check exact scan,not reviewed,sources/069.jpg,https://media.audubon.org/boa_illustration/plate-69-bay-breasted-warbler.jpg,3948a97cf8cba39cb8f50fcdbbfbd4deb077eaa14e79e031b45e18cb96fd30c7,missing,
319,Blackpoll Warbler,exact common name,Setophaga striata,Setophaga striata,Blackpoll Warbler,setophaga-striata,,source downloaded - NOT a finished asset,133,Black-poll Warbler,exact catalog title; still requires visual check,https://www.audubon.org/art/birds-of-america/black-poll-warbler,https://historicpittsburgh.org/islandora/object/pitt%3Aaud0133,unverified - check exact scan,not reviewed,sources/133.jpg,https://media.audubon.org/boa_illustration/plate-133-black-poll-warbler.jpg,ab7f0d6759938717f592e08b921b73bdea42514cab7364ee04ccf8107ecbe6bd,missing,
320,Cerulean Warbler,exact common name,Setophaga cerulea,Setophaga cerulea,Cerulean Warbler,setophaga-cerulea,,needs source,,,,,,,,,,,present,https://commons.wikimedia.org/wiki/File:49_Blue-green_Warbler.jpg
321,Prothonotary Warbler,exact common name,Protonotaria citrea,Protonotaria citrea,Prothonotary Warbler,protonotaria-citrea,,source downloaded - NOT a finished asset,3,Prothonotary Warbler,exact catalog title; still requires visual check,https://www.audubon.org/art/birds-of-america/prothonotary-warbler,https://historicpittsburgh.org/islandora/object/pitt%3Aaud0003,unverified - check exact scan,not reviewed,sources/003.jpg,https://media.audubon.org/boa_illustration/plate-3-prothonotary-warbler.jpg,50a6847fdd91e49583447e321e1c7abfb47e9f60433272017a0b0bc15c893327,missing,
322,Worm-eating Warbler,exact common name,Helmitheros vermivorum,Helmitheros vermivorum,Worm-eating Warbler,helmitheros-vermivorum,,source downloaded - NOT a finished asset,34,Worm eating Warbler,exact catalog title; still requires visual check,https://www.audubon.org/art/birds-of-america/worm-eating-warbler,https://historicpittsburgh.org/islandora/object/pitt%3Aaud0034,unverified - check exact scan,not reviewed,sources/034.jpg,https://media.audubon.org/boa_illustration/plate-34-worm-eating-warbler.jpg,516699f9e081826f08b2094987d95be85c1982cc1202dedae37ef1761a78b4ea,missing,
323,Swainson's Warbler,exact common name,Limnothlypis swainsonii,Limnothlypis swainsonii,Swainson's Warbler,limnothlypis-swainsonii,,needs source,,,,,,,,,,,present,https://commons.wikimedia.org/wiki/File:198_Brown_headed_Worm_eating_Warbler.jpg
324,Ovenbird,exact common name,Seiurus aurocapilla,Seiurus aurocapilla,Ovenbird,seiurus-aurocapilla,,needs source,,,,,,,,,,,missing,
325,Northern Waterthrush,exact common name,Parkesia noveboracensis,Parkesia noveboracensis,Northern Waterthrush,parkesia-noveboracensis,,needs source,,,,,,,,,,,missing,
326,Louisiana Waterthrush,exact common name,Parkesia motacilla,Parkesia motacilla,Louisiana Waterthrush,parkesia-motacilla,,source downloaded - NOT a finished asset,19,Louisiana Water Thrush,exact catalog title; still requires visual check,https://www.audubon.org/art/birds-of-america/louisiana-water-thrush,https://historicpittsburgh.org/islandora/object/pitt%3Aaud0019,unverified - check exact scan,not reviewed,sources/019.jpg,https://media.audubon.org/boa_illustration/plate-19-louisiana-water-thrush.jpg,36d526acf80de354ddbb02119772a30e8f403b1ca8b43b2de540be09903389eb,missing,
327,Kentucky Warbler,exact common name,Geothlypis formosa,Geothlypis formosa,Kentucky Warbler,geothlypis-formosa,,source downloaded - NOT a finished asset,38,Kentucky Warbler,exact catalog title; still requires visual check,https://www.audubon.org/art/birds-of-america/kentucky-warbler,https://historicpittsburgh.org/islandora/object/pitt%3Aaud0038,unverified - check exact scan,not reviewed,sources/038.jpg,https://media.audubon.org/boa_illustration/plate-38-kentucky-warbler.jpg,15ca34b0bd81ddfdce4c99417b793f78425bdeb67d3ae4221875c2c0112e7b35,missing,
328,Connecticut Warbler,exact common name,Oporornis agilis,Oporornis agilis,Connecticut Warbler,oporornis-agilis,,source downloaded - NOT a finished asset,138,Connecticut Warbler,exact catalog title; still requires visual check,https://www.audubon.org/art/birds-of-america/connecticut-warbler,https://historicpittsburgh.org/islandora/object/pitt%3Aaud0138,unverified - check exact scan,not reviewed,sources/138.jpg,https://media.audubon.org/boa_illustration/plate-138-connecticut-warbler.jpg,2884994b1dc9d17881333d9fd3f03b98a3790850669c9c071b4b1c507dc257a9,present,https://commons.wikimedia.org/wiki/File:138_Connecticut_Warbler.jpg
329,Mourning Warbler,exact common name,Geothlypis philadelphia,Geothlypis philadelphia,Mourning Warbler,geothlypis-philadelphia,,needs source,,,,,,,,,,,present,https://commons.wikimedia.org/wiki/File:399_I._Mourning_Warbler_(cropped).jpg
330,MacGillivray's Warbler,exact common name,Geothlypis tolmiei,Geothlypis tolmiei,MacGillivray's Warbler,geothlypis-tolmiei,,needs source,,,,,,,,,,,missing,
331,Hooded Warbler,exact common name,Setophaga citrina,Setophaga citrina,Hooded Warbler,setophaga-citrina,,source downloaded - NOT a finished asset,110,Hooded Warbler,exact catalog title; still requires visual check,https://www.audubon.org/art/birds-of-america/hooded-warbler,https://historicpittsburgh.org/islandora/object/pitt%3Aaud0110,unverified - check exact scan,not reviewed,sources/110.jpg,https://media.audubon.org/boa_illustration/plate-110-hooded-warbler.jpg,997841e96bf635247f5593e6703a686e3e8bda5e10e6f3c60756c33079c92150,present,https://commons.wikimedia.org/wiki/File:110_Hooded_Warbler.jpg
332,Wilson's Warbler,exact common name,Cardellina pusilla,Cardellina pusilla,Wilson's Warbler,cardellina-pusilla,,needs source,,,,,,,,,,,missing,
333,Canada Warbler,exact common name,Cardellina canadensis,Cardellina canadensis,Canada Warbler,cardellina-canadensis,,source downloaded - NOT a finished asset,103,Canada Warbler,exact catalog title; still requires visual check,https://www.audubon.org/art/birds-of-america/canada-warbler,https://historicpittsburgh.org/islandora/object/pitt%3Aaud0103,unverified - check exact scan,not reviewed,sources/103.jpg,https://media.audubon.org/boa_illustration/plate-103-canada-warbler.jpg,341597f4ca8db4ee2bf2740eb79b95585ab83d9b6c346e1acd9afaa4e5819521,present,https://commons.wikimedia.org/wiki/File:103_Canada_Warbler.jpg
334,Yellow-breasted Chat,exact common name,Icteria virens,Icteria virens,Yellow-breasted Chat,icteria-virens,,source downloaded - NOT a finished asset,137,Yellow-breasted Chat,historical-title candidate; verify on institution page,https://www.audubon.org/art/birds-of-america/yellow-breasted-chat,https://historicpittsburgh.org/islandora/object/pitt%3Aaud0137,unverified - check exact scan,not reviewed,sources/137.jpg,https://media.audubon.org/boa_illustration/plate-137-yellow-breasted-chat.jpg,b1de508356f4536cdae3fcd558e9d993e11ab5372101f5b46cf3f2e73dec97cf,present,https://commons.wikimedia.org/wiki/File:137_Yellow-breasted_Chat.jpg
335,Hepatic Tanager,exact common name,Piranga flava,Piranga flava,Hepatic Tanager,piranga-flava,,needs source,,,,,,,,,,,missing,
336,Scarlet Tanager,exact common name,Piranga olivacea,Piranga olivacea,Scarlet Tanager,piranga-olivacea,,source downloaded - NOT a finished asset,354,Louisiana Tanager and Scarlet Tanager,historical-title candidate; verify on institution page,https://www.audubon.org/art/birds-of-america/louisiana-tanager,https://historicpittsburgh.org/islandora/object/pitt%3Aaud0354,unverified - check exact scan,not reviewed,sources/354.jpg,https://media.audubon.org/boa_illustration/plate-354-louisiana-tanager.jpg,002f9dd561e57b2111349d0a9e03c8ea2e4f3900bd39e772241293999043e860,present,https://commons.wikimedia.org/wiki/File:354_I._Louisiana_Tanager_-_2._Scarlet_Tanager.jpg
337,Western Tanager,exact common name,Piranga ludoviciana,Piranga ludoviciana,Western Tanager,piranga-ludoviciana,,needs source,,,,,,,,,,,missing,
338,Green-tailed Towhee,exact common name,Pipilo chlorurus,Pipilo chlorurus,Green-tailed Towhee,pipilo-chlorurus,,needs source,,,,,,,,,,,missing,
339,Eastern Towhee,exact common name,Pipilo erythrophthalmus,Pipilo erythrophthalmus,Eastern Towhee,pipilo-erythrophthalmus,,source downloaded - NOT a finished asset,29,Towee Bunting,historical-title candidate; verify on institution page,https://www.audubon.org/art/birds-of-america/towee-bunting,https://historicpittsburgh.org/islandora/object/pitt%3Aaud0029,unverified - check exact scan,not reviewed,sources/029.jpg,https://media.audubon.org/boa_illustration/plate-29-towee-bunting.jpg,cfcab24fa05f4cc56bcabed8f5e2fb81735b3111c3e822fa364099b6b8764828,present,https://commons.wikimedia.org/wiki/File:29_Towhe_Bunting.jpg
340,Spotted Towhee,exact common name,Pipilo maculatus,Pipilo maculatus,Spotted Towhee,pipilo-maculatus,,needs source,,,,,,,,,,,missing,
341,Bachman's Sparrow,exact common name,Peucaea aestivalis,Peucaea aestivalis,Bachman's Sparrow,peucaea-aestivalis,,needs source,,,,,,,,,,,present,https://commons.wikimedia.org/wiki/File:165_Bachmans_Finch.jpg
342,Cassin's Sparrow,exact common name,Peucaea cassinii,Peucaea cassinii,Cassin's Sparrow,peucaea-cassinii,,needs source,,,,,,,,,,,present,https://commons.wikimedia.org/wiki/File:Peucaea_cassinii.png
343,Rufous-crowned Sparrow,exact common name,Aimophila ruficeps,Aimophila ruficeps,Rufous-crowned Sparrow,aimophila-ruficeps,,needs source,,,,,,,,,,,present,"https://commons.wikimedia.org/wiki/File:Illustrations_of_the_birds_of_California,_Texas,_Oregon,_British_and_Russian_America_(Plate_20)_(6306010855).jpg"
344,Clay-colored Sparrow,exact common name,Spizella pallida,Spizella pallida,Clay-colored Sparrow,spizella-pallida,,needs source,,,,,,,,,,,missing,
345,Brewer's Sparrow,exact common name,Spizella breweri,Spizella breweri,Brewer's Sparrow,spizella-breweri,,needs source,,,,,,,,,,,missing,
346,Field Sparrow,exact common name,Spizella pusilla,Spizella pusilla,Field Sparrow,spizella-pusilla,,source downloaded - NOT a finished asset,139,Field Sparrow,exact catalog title; still requires visual check,https://www.audubon.org/art/birds-of-america/field-sparrow,https://historicpittsburgh.org/islandora/object/pitt%3Aaud0139,unverified - check exact scan,not reviewed,sources/139.jpg,https://media.audubon.org/boa_illustration/plate-139-field-sparrow.jpg,c1561b1f5d2e2e6346b03201b573957c8baaa00fda05ca2e35e9a7a35978fb00,present,https://commons.wikimedia.org/wiki/File:139_Field_Sparrow.jpg
347,Vesper Sparrow,exact common name,Pooecetes gramineus,Pooecetes gramineus,Vesper Sparrow,pooecetes-gramineus,,needs source,,,,,,,,,,,missing,
348,Black-throated Sparrow,exact common name,Amphispiza bilineata,Amphispiza bilineata,Black-throated Sparrow,amphispiza-bilineata,,needs source,,,,,,,,,,,present,"https://commons.wikimedia.org/wiki/File:Illustrations_of_the_birds_of_California,_Texas,_Oregon,_British_and_Russian_America_(Plate_23)_(6306535412).jpg"
349,Lark Bunting,exact common name,Calamospiza melanocorys,Calamospiza melanocorys,Lark Bunting,calamospiza-melanocorys,,needs source,,,,,,,,,,,missing,
350,Grasshopper Sparrow,exact common name,Ammodramus savannarum,Ammodramus savannarum,Grasshopper Sparrow,ammodramus-savannarum,,needs source,,,,,,,,,,,present,https://commons.wikimedia.org/wiki/File:130_Yellow-winged_Sparrow.jpg
351,Henslow's Sparrow,exact common name,Centronyx henslowii,Centronyx henslowii,Henslow's Sparrow,centronyx-henslowii,,needs source,,,,,,,,,,,missing,
352,LeConte's Sparrow,exact common name,Ammospiza leconteii,Ammospiza leconteii,LeConte's Sparrow,ammospiza-leconteii,,needs source,,,,,,,,,,,missing,
353,Nelson's Sparrow,exact common name,Ammospiza nelsoni,Ammospiza nelsoni,Nelson's Sparrow,ammospiza-nelsoni,,needs source,,,,,,,,,,,present,https://commons.wikimedia.org/wiki/File:Birds_of_New_York_(Plate_81)_(6901492502).jpg
354,Fox Sparrow,exact common name,Passerella iliaca,Passerella iliaca,Fox Sparrow,passerella-iliaca,,needs source,,,,,,,,,,,missing,
355,Song Sparrow,exact common name,Melospiza melodia,Melospiza melodia,Song Sparrow,melospiza-melodia,,source downloaded - NOT a finished asset,25,Song Sparrow,exact catalog title; still requires visual check,https://www.audubon.org/art/birds-of-america/song-sparrow,https://historicpittsburgh.org/islandora/object/pitt%3Aaud0025,unverified - check exact scan,not reviewed,sources/025.jpg,https://media.audubon.org/boa_illustration/plate-25-song-sparrow.jpg,96c590ca7261679accb6a0893b9d7da92279cd367ec9f9e1580cb67359be4331,missing,
356,Swamp Sparrow,exact common name,Melospiza georgiana,Melospiza georgiana,Swamp Sparrow,melospiza-georgiana,,source downloaded - NOT a finished asset,64,Swamp Sparrow,exact catalog title; still requires visual check,https://www.audubon.org/art/birds-of-america/swamp-sparrow,https://historicpittsburgh.org/islandora/object/pitt%3Aaud0064,unverified - check exact scan,not reviewed,sources/064.jpg,https://media.audubon.org/boa_illustration/plate-64-swamp-sparrow.jpg,90b22f0aba3079ef727d7e44bd3b6a2ffc7ee9016f0a9ca40d851e8a11db8afd,missing,
357,Harris's Sparrow,exact common name,Zonotrichia querula,Zonotrichia querula,Harris's Sparrow,zonotrichia-querula,,needs source,,,,,,,,,,,missing,
358,White-crowned Sparrow,exact common name,Zonotrichia leucophrys,Zonotrichia leucophrys,White-crowned Sparrow,zonotrichia-leucophrys,,source downloaded - NOT a finished asset,114,White-crowned Sparrow,exact catalog title; still requires visual check,https://www.audubon.org/art/birds-of-america/white-crowned-sparrow,https://historicpittsburgh.org/islandora/object/pitt%3Aaud0114,unverified - check exact scan,not reviewed,sources/114.jpg,https://media.audubon.org/boa_illustration/plate-114-white-crowned-sparrow.jpg,5c82ddb20f4c9c276c29807733d4c04a05437e3e15208385900c94e6a9d89699,missing,
359,Dark-eyed Junco,exact common name,Junco hyemalis,Junco hyemalis,Dark-eyed Junco,junco-hyemalis,,needs source,,,,,,,,,,,missing,
360,McCown's Longspur,explicit spelling/common-name alternative,Rhynchophanes mccownii,Rhynchophanes mccownii,Thick-billed Longspur,rhynchophanes-mccownii,,needs source,,,,,,,,,,,present,"https://commons.wikimedia.org/wiki/File:Illustrations_of_the_birds_of_California,_Texas,_Oregon,_British_and_Russian_America_(Plate_39)_(6306540062).jpg"
361,Lapland Longspur,exact common name,Calcarius lapponicus,Calcarius lapponicus,Lapland Longspur,calcarius-lapponicus,,existing upstream,366,Lapland Long-spur,exact catalog title; still requires visual check,https://www.audubon.org/art/birds-of-america/iceland-or-jer-falcon,https://historicpittsburgh.org/islandora/object/pitt%3Aaud0366,unverified - check exact scan,not reviewed,,,,present,https://commons.wikimedia.org/wiki/File:GouldBirdsEuropeIIILark-heeled_Bunting.jpg
362,Smith's Longspur,exact common name,Calcarius pictus,Calcarius pictus,Smith's Longspur,calcarius-pictus,,needs source,,,,,,,,,,,missing,
363,Pyrrhuloxia,exact common name,Cardinalis sinuatus,Cardinalis sinuatus,Pyrrhuloxia,cardinalis-sinuatus,,needs source,,,,,,,,,,,missing,
364,Rose-breasted Grosbeak,exact common name,Pheucticus ludovicianus,Pheucticus ludovicianus,Rose-breasted Grosbeak,pheucticus-ludovicianus,,source downloaded - NOT a finished asset,127,Rose-breasted Grosbeak,exact catalog title; still requires visual check,https://www.audubon.org/art/birds-of-america/rose-breasted-grosbeak,https://historicpittsburgh.org/islandora/object/pitt%3Aaud0127,unverified - check exact scan,not reviewed,sources/127.jpg,https://media.audubon.org/boa_illustration/plate-127-rose-breasted-grosbeak.jpg,91af1446f268e644c71abeedb4e471c47dd61dbfd6c34d3d5bdfe3c2d4cfd820,present,https://media.audubon.org/boa_illustration/plate-127-rose-breasted-grosbeak.jpg
365,Black-headed Grosbeak,exact common name,Pheucticus melanocephalus,Pheucticus melanocephalus,Black-headed Grosbeak,pheucticus-melanocephalus,,needs source,,,,,,,,,,,missing,
366,Lazuli Bunting,exact common name,Passerina amoena,Passerina amoena,Lazuli Bunting,passerina-amoena,,needs source,,,,,,,,,,,missing,
367,Bobolink,exact common name,Dolichonyx oryzivorus,Dolichonyx oryzivorus,Bobolink,dolichonyx-oryzivorus,,needs source,,,,,,,,,,,present,https://commons.wikimedia.org/wiki/File:54_Rice_Bird.jpg
368,Western Meadowlark,exact common name,Sturnella neglecta,Sturnella neglecta,Western Meadowlark,sturnella-neglecta,,needs source,,,,,,,,,,,present,https://commons.wikimedia.org/wiki/File:The_birds_of_America_(Pl._489)_(8595336900).jpg
369,Yellow-headed Blackbird,exact common name,Xanthocephalus xanthocephalus,Xanthocephalus xanthocephalus,Yellow-headed Blackbird,xanthocephalus-xanthocephalus,,needs source,,,,,,,,,,,missing,
370,Rusty Blackbird,exact common name,Euphagus carolinus,Euphagus carolinus,Rusty Blackbird,euphagus-carolinus,,needs source,,,,,,,,,,,present,https://commons.wikimedia.org/wiki/File:157_Rusty_Grakle.jpg
371,Brewer's Blackbird,exact common name,Euphagus cyanocephalus,Euphagus cyanocephalus,Brewer's Blackbird,euphagus-cyanocephalus,,needs source,,,,,,,,,,,present,https://commons.wikimedia.org/wiki/File:The_birds_of_America_(Pl._492)_(8594237959).jpg
372,Shiny Cowbird,exact common name,Molothrus bonariensis,Molothrus bonariensis,Shiny Cowbird,molothrus-bonariensis,,needs source,,,,,,,,,,,present,https://commons.wikimedia.org/wiki/File:Molothrus_bonariensis_-_1700-1880_-_Print_-_Iconographia_Zoologica_-_Special_Collections_University_of_Amsterdam_-_UBA01_IZ15800297.tif
373,Bronzed Cowbird,exact common name,Molothrus aeneus,Molothrus aeneus,Bronzed Cowbird,molothrus-aeneus,,needs source,,,,,,,,,,,missing,
374,Hooded Oriole,exact common name,Icterus cucullatus,Icterus cucullatus,Hooded Oriole,icterus-cucullatus,,needs source,,,,,,,,,,,missing,
375,Bullock's Oriole,exact common name,Icterus bullockii,Icterus bullockii,Bullock's Oriole,icterus-bullockii,,needs source,,,,,,,,,,,missing,
376,Purple Finch,exact common name,Haemorhous purpureus,Haemorhous purpureus,Purple Finch,haemorhous-purpureus,,source downloaded - NOT a finished asset,4,Purple Finch,exact catalog title; still requires visual check,https://www.audubon.org/art/birds-of-america/purple-finch,https://historicpittsburgh.org/islandora/object/pitt%3Aaud0004,unverified - check exact scan,not reviewed,sources/004.jpg,https://media.audubon.org/boa_illustration/plate-4-purple-finch.jpg,163f48a0469d482ac0011f47a0ea6b6fa44187a8fea273dc7fd7625f1c172c76,missing,
377,Red Crossbill,exact common name,Loxia curvirostra,Loxia curvirostra,Red Crossbill,loxia-curvirostra,,existing upstream,,,,,,,,,,,present,https://commons.wikimedia.org/wiki/File:Bird_illustration_from_Svenska_F%C3%A5glar_(Swedish_Birds)_by_the_von_Wright_brothers_from_rawpixel%27s_original_edition_of_the_publication_00143.jpg
378,Pine Siskin,exact common name,Spinus pinus,Spinus pinus,Pine Siskin,spinus-pinus,,needs source,,,,,,,,,,,present,https://commons.wikimedia.org/wiki/File:180_Pine_Finch.jpg
379,Evening Grosbeak,exact common name,Hesperiphona vespertina,Coccothraustes vespertinus,Evening Grosbeak,hesperiphona-vespertina,,needs source,,,,,,,,,,,missing,
380,Red-throated Loon,exact common name,Gavia stellata,Gavia stellata,Red-throated Loon,gavia-stellata,,existing upstream,,,,,,,,,,,present,https://commons.wikimedia.org/wiki/File:GouldBirdsEuropeVRed-throated_Diver.jpg
381,Red-necked Grebe,exact common name,Podiceps grisegena,Podiceps grisegena,Red-necked Grebe,podiceps-grisegena,,existing upstream,298,Red-necked Grebe,exact catalog title; still requires visual check,https://www.audubon.org/art/birds-of-america/red-necked-grebe,https://historicpittsburgh.org/islandora/object/pitt%3Aaud0298,unverified - check exact scan,not reviewed,,,,present,https://commons.wikimedia.org/wiki/File:GouldBirdsEuropeVRed-necked_Grebe.jpg
382,Blue-footed Booby,exact common name,Sula nebouxii,Sula nebouxii,Blue-footed Booby,sula-nebouxii,,needs source,,,,,,,,,,,missing,
383,Brant,exact common name,Branta bernicla,Branta bernicla,Brant,branta-bernicla,,existing upstream,,,,,,,,,,,present,https://commons.wikimedia.org/wiki/File:GouldBirdsEuropeVBrent_Goose.jpg
384,Tundra Swan,exact common name,Cygnus columbianus,Cygnus columbianus,Tundra Swan,cygnus-columbianus,,existing upstream,,,,,,,,,,,present,https://commons.wikimedia.org/wiki/File:GouldBirdsEuropeVBewicks_Swan.jpg
385,Eurasian Wigeon,exact common name,Mareca penelope,Mareca penelope,Eurasian Wigeon,mareca-penelope,,existing upstream,,,,,,,,,,,present,https://commons.wikimedia.org/wiki/File:GouldBirdsEuropeVWidgeon.jpg
386,American Black Duck,exact common name,Anas rubripes,Anas rubripes,American Black Duck,anas-rubripes,,needs source,,,,,,,,,,,present,https://commons.wikimedia.org/wiki/File:302_Dusky_Duck.jpg
387,Masked Duck,unresolved,,,,,,taxonomy review,,,,,,,,,,,taxonomy-review,
388,Northern Goshawk,exact common name,Astur gentilis,Accipiter gentilis,Northern Goshawk,astur-gentilis,,existing upstream,,,,,,,,,,,present,https://commons.wikimedia.org/wiki/File:GouldBirdsEuropeIGoshawk.jpg
389,Harris's Hawk,exact common name,Parabuteo unicinctus,Parabuteo unicinctus,Harris's Hawk,parabuteo-unicinctus,,needs source,,,,,,,,,,,present,https://commons.wikimedia.org/wiki/File:392_Louisiana_Hawk.jpg
390,Ring-necked Pheasant,exact common name,Phasianus colchicus,Phasianus colchicus,Ring-necked Pheasant,phasianus-colchicus,,existing upstream,,,,,,,,,,,present,https://commons.wikimedia.org/wiki/File:GouldBirdsEuropeIVCommon_Pheasant.jpg
391,Scaled Quail,exact common name,Callipepla squamata,Callipepla squamata,Scaled Quail,callipepla-squamata,,needs source,,,,,,,,,,,missing,
392,Yellow Rail,exact common name,Coturnicops noveboracensis,Coturnicops noveboracensis,Yellow Rail,coturnicops-noveboracensis,,needs source,,,,,,,,,,,missing,
393,Black Rail,exact common name,Laterallus jamaicensis,Laterallus jamaicensis,Black Rail,laterallus-jamaicensis,,needs source,,,,,,,,,,,present,https://commons.wikimedia.org/wiki/File:349_Least_Water-hen.jpg
394,King Rail,exact common name,Rallus elegans,Rallus elegans,King Rail,rallus-elegans,,needs source,,,,,,,,,,,present,https://commons.wikimedia.org/wiki/File:203_Fresh_Water_Marsh_Hen.jpg
395,Virginia Rail,exact common name,Rallus limicola,Rallus limicola,Virginia Rail,rallus-limicola,,source downloaded - NOT a finished asset,205,Virginia Rail,exact catalog title; still requires visual check,https://www.audubon.org/art/birds-of-america/virginia-rail,https://historicpittsburgh.org/islandora/object/pitt%3Aaud0205,unverified - check exact scan,not reviewed,sources/205.jpg,https://media.audubon.org/boa_illustration/plate-205-virginia-rail.jpg,6069d6018bdb061f2374efbd5e5c3280499fbb0f46e5fbc03bf072934a0e9b3d,present,https://commons.wikimedia.org/wiki/File:205_Virginia_Rail.jpg
396,Paint-billed Crake,exact common name,Mustelirallus erythrops,Mustelirallus erythrops,Paint-billed Crake,mustelirallus-erythrops,,needs source,,,,,,,,,,,present,https://commons.wikimedia.org/wiki/File:PorzanaErythropsSmit.jpg
397,Purple Gallinule,exact common name,Porphyrio martinica,Porphyrio martinica,Purple Gallinule,porphyrio-martinica,,source downloaded - NOT a finished asset,305,Purple Gallinule,exact catalog title; still requires visual check,https://www.audubon.org/art/birds-of-america/purple-gallinule,https://historicpittsburgh.org/islandora/object/pitt%3Aaud0305,unverified - check exact scan,not reviewed,sources/305.jpg,https://media.audubon.org/boa_illustration/plate-305-purple-gallinule.jpg,60038fda46bace222f9671457229f4fc8a5117efec7aeef8c20f5d8e02340976,present,https://commons.wikimedia.org/wiki/File:305_Purple_Gallinule.jpg
398,Whooping Crane,exact common name,Grus americana,Grus americana,Whooping Crane,grus-americana,,needs source,,,,,,,,,,,present,https://commons.wikimedia.org/wiki/File:226_Hooping_Crane.jpg
399,Mountain Plover,exact common name,Anarhynchus montanus,Charadrius montanus,Mountain Plover,anarhynchus-montanus,,needs source,,,,,,,,,,,present,https://commons.wikimedia.org/wiki/File:350_Rocky_Mountain_Plover.jpg
400,Northern Jacana,exact common name,Jacana spinosa,Jacana spinosa,Northern Jacana,jacana-spinosa,,needs source,,,,,,,,,,,missing,
401,Spotted Redshank,exact common name,Tringa erythropus,Tringa erythropus,Spotted Redshank,tringa-erythropus,,existing upstream,,,,,,,,,,,present,https://commons.wikimedia.org/wiki/File:GouldBirdsEuropeIVSpotted_Redshank.jpg
402,Sharp-tailed Sandpiper,exact common name,Calidris acuminata,Calidris acuminata,Sharp-tailed Sandpiper,calidris-acuminata,,needs source,,,,,,,,,,,present,https://commons.wikimedia.org/wiki/File:TringaAcuminataKeulemans.jpg
403,Curlew Sandpiper,exact common name,Calidris ferruginea,Calidris ferruginea,Curlew Sandpiper,calidris-ferruginea,,existing upstream,,,,,,,,,,,present,https://commons.wikimedia.org/wiki/File:GouldBirdsEuropeIVPygmy_Curlew.jpg
404,Pomarine Jaeger,exact common name,Stercorarius pomarinus,Stercorarius pomarinus,Pomarine Jaeger,stercorarius-pomarinus,,existing upstream,,,,,,,,,,,present,https://commons.wikimedia.org/wiki/File:GouldBirdsEuropeVPomarine_Gull.jpg
405,Black-headed Gull,exact common name,Chroicocephalus ridibundus,Chroicocephalus ridibundus,Black-headed Gull,chroicocephalus-ridibundus,,existing upstream,314,Black-headed Gull,exact catalog title; still requires visual check,https://www.audubon.org/art/birds-of-america/black-headed-gull,https://historicpittsburgh.org/islandora/object/pitt%3Aaud0314,unverified - check exact scan,not reviewed,,,,present,https://commons.wikimedia.org/wiki/File:GouldBirdsEuropeVLaughing_Gull.jpg
406,Mew Gull,unresolved,,,,,Historical broad name; do not silently substitute Common Gull for Short-billed Gull.,taxonomy review,,,,,,,,,,,taxonomy-review,
407,Thayer's Gull,unresolved,,,,,Historical split/lump; require an explicit taxonomy decision.,taxonomy review,,,,,,,,,,,taxonomy-review,
408,Roseate Tern,exact common name,Sterna dougallii,Sterna dougallii,Roseate Tern,sterna-dougallii,,existing upstream,240,Roseate Tern,exact catalog title; still requires visual check,https://www.audubon.org/art/birds-of-america/roseate-tern,https://historicpittsburgh.org/islandora/object/pitt%3Aaud0240,unverified - check exact scan,not reviewed,,,,present,https://commons.wikimedia.org/wiki/File:GouldBirdsEuropeVRoseate_Tern.jpg
409,Sooty Tern,exact common name,Onychoprion fuscatus,Onychoprion fuscatus,Sooty Tern,onychoprion-fuscatus,,source downloaded - NOT a finished asset,235,Sooty Tern,exact catalog title; still requires visual check,https://www.audubon.org/art/birds-of-america/sooty-tern,https://historicpittsburgh.org/islandora/object/pitt%3Aaud0235,unverified - check exact scan,not reviewed,sources/235.jpg,https://media.audubon.org/boa_illustration/plate-235-sooty-tern.jpg,0cbafb374d3773081117bfc984abea06b2bad8053d120f7a826889e156d56d5a,missing,
410,White-tipped Dove,exact common name,Leptotila verreauxi,Leptotila verreauxi,White-tipped Dove,leptotila-verreauxi,,needs source,,,,,,,,,,,missing,
411,Snowy Owl,exact common name,Bubo scandiacus,Bubo scandiacus,Snowy Owl,bubo-scandiacus,,existing upstream,121,Snowy Owl,exact catalog title; still requires visual check,https://www.audubon.org/art/birds-of-america/snowy-owl,https://historicpittsburgh.org/islandora/object/pitt%3Aaud0121,unverified - check exact scan,not reviewed,,,,present,https://commons.wikimedia.org/wiki/File:GouldBirdsEuropeISnowy_Owl.jpg
412,Northern Saw-whet Owl,exact common name,Aegolius acadicus,Aegolius acadicus,Northern Saw-whet Owl,aegolius-acadicus,,needs source,,,,,,,,,,,missing,
413,Lesser Nighthawk,exact common name,Chordeiles acutipennis,Chordeiles acutipennis,Lesser Nighthawk,chordeiles-acutipennis,,needs source,,,,,,,,,,,missing,
414,Common Pauraque,exact common name,Nyctidromus albicollis,Nyctidromus albicollis,Common Pauraque,nyctidromus-albicollis,,needs source,,,,,,,,,,,missing,
415,Common Poorwill,exact common name,Phalaenoptilus nuttallii,Phalaenoptilus nuttallii,Common Poorwill,phalaenoptilus-nuttallii,,needs source,,,,,,,,,,,present,https://commons.wikimedia.org/wiki/File:Handbook_of_birds_of_the_western_United_States_(Pl._XVIII)_(8456332838).jpg
416,White-throated Swift,exact common name,Aeronautes saxatalis,Aeronautes saxatalis,White-throated Swift,aeronautes-saxatalis,,needs source,,,,,,,,,,,present,https://commons.wikimedia.org/wiki/File:MicropusMelanoleucusKeulemans.jpg
417,Mexican Violetear,exact common name,Colibri thalassinus,Colibri thalassinus,Mexican Violetear,colibri-thalassinus,,needs source,,,,,,,,,,,present,"https://commons.wikimedia.org/wiki/File:A_monograph_of_the_Trochilid%C3%A6,_or_family_of_humming-birds_(Plate_227)_(8549318362).jpg"
418,Broad-billed Hummingbird,exact common name,Cynanthus latirostris,Cynanthus latirostris,Broad-billed Hummingbird,cynanthus-latirostris,,needs source,,,,,,,,,,,present,"https://commons.wikimedia.org/wiki/File:A_monograph_of_the_Trochilid%C3%A6,_or_family_of_humming-birds_(Plate_339)_(8551730692).jpg"
419,Blue-throated Mountain-gem,exact common name,Lampornis clemenciae,Lampornis clemenciae,Blue-throated Mountain-gem,lampornis-clemenciae,,needs source,,,,,,,,,,,present,"https://commons.wikimedia.org/wiki/File:A_monograph_of_the_Trochilid%C3%A6,_or_family_of_humming-birds_(Plate_60)_(7175937338).jpg"
420,Anna's Hummingbird,exact common name,Calypte anna,Calypte anna,Anna's Hummingbird,calypte-anna,,needs source,,,,,,,,,,,present,https://commons.wikimedia.org/wiki/File:425_Columbian_Humming_Bird.jpg
421,Calliope Hummingbird,exact common name,Selasphorus calliope,Selasphorus calliope,Calliope Hummingbird,selasphorus-calliope,,needs source,,,,,,,,,,,missing,
422,Broad-tailed Hummingbird,exact common name,Selasphorus platycercus,Selasphorus platycercus,Broad-tailed Hummingbird,selasphorus-platycercus,,needs source,,,,,,,,,,,present,https://commons.wikimedia.org/wiki/File:MonographTrochi3Goul_0104.jpg
423,Allen's Hummingbird,exact common name,Selasphorus sasin,Selasphorus sasin,Allen's Hummingbird,selasphorus-sasin,,needs source,,,,,,,,,,,missing,
424,Ringed Kingfisher,exact common name,Megaceryle torquata,Megaceryle torquata,Ringed Kingfisher,megaceryle-torquata,,needs source,,,,,,,,,,,present,https://commons.wikimedia.org/wiki/File:Planches_enlumin%C3%A9es_d%27histoire_naturelle_(9932716675).jpg
425,Lewis's Woodpecker,exact common name,Melanerpes lewis,Melanerpes lewis,Lewis's Woodpecker,melanerpes-lewis,,needs source,,,,,,,,,,,missing,
426,Red-naped Sapsucker,exact common name,Sphyrapicus nuchalis,Sphyrapicus nuchalis,Red-naped Sapsucker,sphyrapicus-nuchalis,,needs source,,,,,,,,,,,missing,
427,Williamson's Sapsucker,exact common name,Sphyrapicus thyroideus,Sphyrapicus thyroideus,Williamson's Sapsucker,sphyrapicus-thyroideus,,needs source,,,,,,,,,,,missing,
428,Hammond's Flycatcher,exact common name,Empidonax hammondii,Empidonax hammondii,Hammond's Flycatcher,empidonax-hammondii,,needs source,,,,,,,,,,,missing,
429,Brown-crested Flycatcher,exact common name,Myiarchus tyrannulus,Myiarchus tyrannulus,Brown-crested Flycatcher,myiarchus-tyrannulus,,needs source,,,,,,,,,,,missing,
430,Fork-tailed Flycatcher,exact common name,Tyrannus savana,Tyrannus savana,Fork-tailed Flycatcher,tyrannus-savana,,source downloaded - NOT a finished asset,168,Fork-tailed Flycatcher,exact catalog title; still requires visual check,https://www.audubon.org/art/birds-of-america/fork-tailed-flycatcher,https://historicpittsburgh.org/islandora/object/pitt%3Aaud0168,unverified - check exact scan,not reviewed,sources/168.jpg,https://media.audubon.org/boa_illustration/plate-168-fork-tailed-flycatcher.jpg,b73be4c4568854097d6c62ea14b4eae3bd2b09877819db363069efb01515313d,present,https://commons.wikimedia.org/wiki/File:168_Fork-tailed_Flycatcher.jpg
431,Northern Shrike,exact common name,Lanius borealis,Lanius borealis,Northern Shrike,lanius-borealis,,needs source,,,,,,,,,,,missing,
432,Black-capped Vireo,exact common name,Vireo atricapilla,Vireo atricapilla,Black-capped Vireo,vireo-atricapilla,,needs source,,,,,,,,,,,present,"https://commons.wikimedia.org/wiki/File:Illustrations_of_the_birds_of_California,_Texas,_Oregon,_British_and_Russian_America_(Plate_24)_(6306012031).jpg"
433,Hutton's Vireo,exact common name,Vireo huttoni,Vireo huttoni,Hutton's Vireo,vireo-huttoni,,needs source,,,,,,,,,,,missing,
434,Yellow-green Vireo,exact common name,Vireo flavoviridis,Vireo flavoviridis,Yellow-green Vireo,vireo-flavoviridis,,needs source,,,,,,,,,,,missing,
435,Woodhouse's Scrub-Jay,exact common name,Aphelocoma woodhouseii,Aphelocoma woodhouseii,Woodhouse's Scrub-Jay,aphelocoma-woodhouseii,,needs source,,,,,,,,,,,missing,
436,Common Raven,exact common name,Corvus corax,Corvus corax,Common Raven,corvus-corax,,existing upstream,,,,,,,,,,,present,https://commons.wikimedia.org/wiki/File:GouldBirdsEuropeIIIRaven.jpg
437,Violet-green Swallow,exact common name,Tachycineta thalassina,Tachycineta thalassina,Violet-green Swallow,tachycineta-thalassina,,needs source,,,,,,,,,,,missing,
438,Verdin,exact common name,Auriparus flaviceps,Auriparus flaviceps,Verdin,auriparus-flaviceps,,needs source,,,,,,,,,,,missing,
439,Bushtit,exact common name,Psaltriparus minimus,Psaltriparus minimus,Bushtit,psaltriparus-minimus,,needs source,,,,,,,,,,,present,https://commons.wikimedia.org/wiki/File:Bushtit_(PSF).jpg
440,Pygmy Nuthatch,exact common name,Sitta pygmaea,Sitta pygmaea,Pygmy Nuthatch,sitta-pygmaea,,needs source,,,,,,,,,,,missing,
441,Cactus Wren,exact common name,Campylorhynchus brunneicapillus,Campylorhynchus brunneicapillus,Cactus Wren,campylorhynchus-brunneicapillus,,needs source,,,,,,,,,,,present,https://commons.wikimedia.org/wiki/File:Animal_life_of_the_Carlsbad_cavern_(1928)_(17576942823).jpg
442,Canyon Wren,exact common name,Catherpes mexicanus,Catherpes mexicanus,Canyon Wren,catherpes-mexicanus,,needs source,,,,,,,,,,,missing,
443,American Dipper,exact common name,Cinclus mexicanus,Cinclus mexicanus,American Dipper,cinclus-mexicanus,,needs source,,,,,,,,,,,present,https://commons.wikimedia.org/wiki/File:370_American_Water_Ouzel.jpg
444,Western Bluebird,exact common name,Sialia mexicana,Sialia mexicana,Western Bluebird,sialia-mexicana,,needs source,,,,,,,,,,,missing,
445,Townsend's Solitaire,exact common name,Myadestes townsendi,Myadestes townsendi,Townsend's Solitaire,myadestes-townsendi,,needs source,,,,,,,,,,,present,https://commons.wikimedia.org/wiki/File:419_I._Little_Tawny_Thrush_-_2._Ptiliogony%27s_Townsendi_-_3._Canada_Jay.jpg
446,Clay-colored Thrush,exact common name,Turdus grayi,Turdus grayi,Clay-colored Thrush,turdus-grayi,,needs source,,,,,,,,,,,missing,
447,Sage Thrasher,exact common name,Oreoscoptes montanus,Oreoscoptes montanus,Sage Thrasher,oreoscoptes-montanus,,needs source,,,,,,,,,,,missing,
448,Long-billed Thrasher,exact common name,Toxostoma longirostre,Toxostoma longirostre,Long-billed Thrasher,toxostoma-longirostre,,needs source,,,,,,,,,,,present,https://commons.wikimedia.org/wiki/File:Langschnabel_Spottdrossel.JPG
449,Curve-billed Thrasher,exact common name,Toxostoma curvirostre,Toxostoma curvirostre,Curve-billed Thrasher,toxostoma-curvirostre,,needs source,,,,,,,,,,,present,https://commons.wikimedia.org/wiki/File:Mimus_curvirostris_-_1700-1880_-_Print_-_Iconographia_Zoologica_-_Special_Collections_University_of_Amsterdam_-_UBA01_IZ16300341.tif
450,Phainopepla,exact common name,Phainopepla nitens,Phainopepla nitens,Phainopepla,phainopepla-nitens,,needs source,,,,,,,,,,,present,"https://commons.wikimedia.org/wiki/File:Illustrations_of_the_birds_of_California,_Texas,_Oregon,_British_and_Russian_America_(Plate_29)_(6306537388).jpg"
451,Red-faced Warbler,exact common name,Cardellina rubrifrons,Cardellina rubrifrons,Red-faced Warbler,cardellina-rubrifrons,,needs source,,,,,,,,,,,missing,
452,Olive Sparrow,exact common name,Arremonops rufivirgatus,Arremonops rufivirgatus,Olive Sparrow,arremonops-rufivirgatus,,needs source,,,,,,,,,,,missing,
453,Canyon Towhee,exact common name,Melozone fusca,Melozone fusca,Canyon Towhee,melozone-fusca,,needs source,,,,,,,,,,,missing,
454,American Tree Sparrow,exact common name,Spizelloides arborea,Spizelloides arborea,American Tree Sparrow,spizelloides-arborea,,needs source,,,,,,,,,,,present,https://commons.wikimedia.org/wiki/File:188_Tree_Sparrow.jpg
455,Baird's Sparrow,exact common name,Centronyx bairdii,Centronyx bairdii,Baird's Sparrow,centronyx-bairdii,,needs source,,,,,,,,,,,missing,
456,Golden-crowned Sparrow,exact common name,Zonotrichia atricapilla,Zonotrichia atricapilla,Golden-crowned Sparrow,zonotrichia-atricapilla,,needs source,,,,,,,,,,,missing,
457,Chestnut-collared Longspur,exact common name,Calcarius ornatus,Calcarius ornatus,Chestnut-collared Longspur,calcarius-ornatus,,needs source,,,,,,,,,,,missing,
458,Snow Bunting,exact common name,Plectrophenax nivalis,Plectrophenax nivalis,Snow Bunting,plectrophenax-nivalis,,existing upstream,189,Snow Bunting,exact catalog title; still requires visual check,https://www.audubon.org/art/birds-of-america/snow-bunting,https://historicpittsburgh.org/islandora/object/pitt%3Aaud0189,unverified - check exact scan,not reviewed,,,,present,https://commons.wikimedia.org/wiki/File:Plectrophenax_nivalis_2.jpg
459,Audubon's Oriole,exact common name,Icterus graduacauda,Icterus graduacauda,Audubon's Oriole,icterus-graduacauda,,needs source,,,,,,,,,,,present,"https://commons.wikimedia.org/wiki/File:Illustrations_of_the_birds_of_California,_Texas,_Oregon,_British_and_Russian_America_(Plate_21)_(6306011127).jpg"
460,Scott's Oriole,exact common name,Icterus parisorum,Icterus parisorum,Scott's Oriole,icterus-parisorum,,needs source,,,,,,,,,,,missing,
461,Pine Grosbeak,exact common name,Pinicola enucleator,Pinicola enucleator,Pine Grosbeak,pinicola-enucleator,,existing upstream,358,Pine Grosbeak,exact catalog title; still requires visual check,https://www.audubon.org/art/birds-of-america/pine-grosbeak,https://historicpittsburgh.org/islandora/object/pitt%3Aaud0358,unverified - check exact scan,not reviewed,,,,present,https://commons.wikimedia.org/wiki/File:GouldBirdsEuropeIIISiberian_Grosbeak.jpg
462,Common Redpoll,exact common name,Acanthis flammea,Acanthis flammea,Common Redpoll,acanthis-flammea,,existing upstream,,,,,,,,,,,present,https://commons.wikimedia.org/wiki/File:GouldBirdsEuropeIIIMealy_Redpole.jpg
463,Graylag Goose,exact common name,Anser anser,Anser anser,Graylag Goose,anser-anser,,existing upstream,,,,,,,,,,,present,https://commons.wikimedia.org/wiki/File:GouldBirdsEuropeVGrey_Lag_Wild_Goose.jpg
464,Swan Goose,exact common name,Anser cygnoides,Anser cygnoides,Swan Goose,anser-cygnoides,,needs source,,,,,,,,,,,missing,
465,Chiloe Wigeon,exact common name,Mareca sibilatrix,Mareca sibilatrix,Chiloe Wigeon,mareca-sibilatrix,,needs source,,,,,,,,,,,present,https://commons.wikimedia.org/wiki/File:The_birds_of_South_America_(Pl._38)_(7822930610).jpg
466,Band-tailed Pigeon,exact common name,Patagioenas fasciata,Patagioenas fasciata,Band-tailed Pigeon,patagioenas-fasciata,,source downloaded - NOT a finished asset,368,Band-tailed Pigeon,exact catalog title; still requires visual check,https://www.audubon.org/art/birds-of-america/rock-grous,https://historicpittsburgh.org/islandora/object/pitt%3Aaud0368,unverified - check exact scan,not reviewed,sources/368.jpg,https://media.audubon.org/boa_illustration/plate-368-rock-grous.jpg,572ab98f47238adc7102b6a137301f61b8244a99fd2556f570b66782195355b5,missing,
467,Clapper Rail,exact common name,Rallus crepitans,Rallus crepitans,Clapper Rail,rallus-crepitans,,needs source,,,,,,,,,,,present,https://commons.wikimedia.org/wiki/File:204_Salt_Water_Marsh_Hen.jpg
468,Great Black-backed Gull,exact common name,Larus marinus,Larus marinus,Great Black-backed Gull,larus-marinus,,existing upstream,,,,,,,,,,,present,https://commons.wikimedia.org/wiki/File:GouldBirdsEuropeVGreat_Black-backed_Gull.jpg
469,Vega Gull,unresolved,,,,,Resolve Larus vegae versus older Herring Gull label before shipping.,taxonomy review,,,,,,,,,,,taxonomy-review,
470,Slaty-backed Gull,exact common name,Larus schistisagus,Larus schistisagus,Slaty-backed Gull,larus-schistisagus,,needs source,,,,,,,,,,,missing,
471,Iceland Gull,exact common name,Larus glaucoides,Larus glaucoides,Iceland Gull,larus-glaucoides,,existing upstream,,,,,,,,,,,present,https://commons.wikimedia.org/wiki/File:GouldBirdsEuropeVIceland_Gull.jpg
472,Boat-tailed Grackle,exact common name,Quiscalus major,Quiscalus major,Boat-tailed Grackle,quiscalus-major,,source downloaded - NOT a finished asset,187,Boat-tailed Grackle,exact catalog title; still requires visual check,https://www.audubon.org/art/birds-of-america/boat-tailed-grackle,https://historicpittsburgh.org/islandora/object/pitt%3Aaud0187,unverified - check exact scan,not reviewed,sources/187.jpg,https://media.audubon.org/boa_illustration/plate-187-boat-tailed-grackle.jpg,20655bcec8e0e5909102d8fa3c68da3e91495ce6d7f712b4f52a79d2c891ee07,present,https://commons.wikimedia.org/wiki/File:187_Boat-tailed_Grackle.jpg
473,Cackling Goose,exact common name,Branta hutchinsii,Branta hutchinsii,Cackling Goose,branta-hutchinsii,,needs source,,,,,,,,,,,present,https://commons.wikimedia.org/wiki/File:277_Hutchins%27s_Barnacle_Goose.jpg
474,Mute Swan,exact common name,Cygnus olor,Cygnus olor,Mute Swan,cygnus-olor,,existing upstream,,,,,,,,,,,present,https://commons.wikimedia.org/wiki/File:GouldBirdsEuropeVDomestic_Swan.jpg
475,Black Swan,exact common name,Cygnus atratus,Cygnus atratus,Black Swan,cygnus-atratus,,needs source,,,,,,,,,,,missing,
476,Egyptian Goose,exact common name,Alopochen aegyptiaca,Alopochen aegyptiaca,Egyptian Goose,alopochen-aegyptiaca,,existing upstream,,,,,,,,,,,present,https://commons.wikimedia.org/wiki/File:GouldBirdsEuropeVEgyptian_Goose.jpg
477,Muscovy Duck,exact common name,Cairina moschata,Cairina moschata,Muscovy Duck,cairina-moschata,,needs source,,,,,,,,,,,missing,
478,Mandarin Duck,exact common name,Aix galericulata,Aix galericulata,Mandarin Duck,aix-galericulata,,existing upstream,,,,,,,,,,,present,https://commons.wikimedia.org/wiki/File%3AAix_galericulata%28Mandarin_duck%29%2C_Pelecanus_%28Pelican%29.jpg
479,Falcated Duck,exact common name,Mareca falcata,Mareca falcata,Falcated Duck,mareca-falcata,,needs source,,,,,,,,,,,missing,
480,Mexican Duck,exact common name,Anas diazi,Anas diazi,Mexican Duck,anas-diazi,,needs source,,,,,,,,,,,missing,
481,Helmeted Guineafowl,exact common name,Numida meleagris,Numida meleagris,Helmeted Guineafowl,numida-meleagris,,needs source,,,,,,,,,,,present,https://commons.wikimedia.org/wiki/File:Numida_meleagris_1869.jpg
482,California Quail,exact common name,Callipepla californica,Callipepla californica,California Quail,callipepla-californica,,needs source,,,,,,,,,,,present,https://commons.wikimedia.org/wiki/File:413_California_Partridge.jpg
483,Greater Prairie-Chicken,exact common name,Tympanuchus cupido,Tympanuchus cupido,Greater Prairie-Chicken,tympanuchus-cupido,,needs source,,,,,,,,,,,present,https://commons.wikimedia.org/wiki/File:186_Pinnated_Grous.jpg
484,Golden Pheasant,exact common name,Chrysolophus pictus,Chrysolophus pictus,Golden Pheasant,chrysolophus-pictus,,needs source,,,,,,,,,,,missing,
485,Indian Peafowl,exact common name,Pavo cristatus,Pavo cristatus,Indian Peafowl,pavo-cristatus,,needs source,,,,,,,,,,,missing,
486,Red Junglefowl,exact common name,Gallus gallus,Gallus gallus,Red Junglefowl,gallus-gallus,,needs source,,,,,,,,,,,missing,
487,Chukar,exact common name,Alectoris chukar,Alectoris chukar,Chukar,alectoris-chukar,,needs source,,,,,,,,,,,missing,
488,African Collared-Dove,exact common name,Streptopelia roseogrisea,Streptopelia roseogrisea,African Collared-Dove,streptopelia-roseogrisea,,needs source,,,,,,,,,,,present,https://commons.wikimedia.org/wiki/File:Keulemans_Onze_vogels_1_47.jpg
489,Mangrove Cuckoo,exact common name,Coccyzus minor,Coccyzus minor,Mangrove Cuckoo,coccyzus-minor,,source downloaded - NOT a finished asset,169,Mangrove Cuckoo,exact catalog title; still requires visual check,https://www.audubon.org/art/birds-of-america/mangrove-cuckoo,https://historicpittsburgh.org/islandora/object/pitt%3Aaud0169,unverified - check exact scan,not reviewed,sources/169.jpg,https://media.audubon.org/boa_illustration/plate-169-mangrove-cuckoo.jpg,cea745ad31ead0b64ddf953dcc0fbcae7f5ae7780d0505f159b9ccdd2077f3dd,present,https://commons.wikimedia.org/wiki/File:169_Mangrove_Cuckoo.jpg
490,Limpkin,exact common name,Aramus guarauna,Aramus guarauna,Limpkin,aramus-guarauna,,needs source,,,,,,,,,,,present,https://commons.wikimedia.org/wiki/File:377_Scolopaceus_Courlan.jpg
491,American Oystercatcher,exact common name,Haematopus palliatus,Haematopus palliatus,American Oystercatcher,haematopus-palliatus,,needs source,,,,,,,,,,,present,https://commons.wikimedia.org/wiki/File:223_Pied_oyster-catcher.jpg
492,American Flamingo,exact common name,Phoenicopterus ruber,Phoenicopterus ruber,American Flamingo,phoenicopterus-ruber,,source downloaded - NOT a finished asset,431,American Flamingo,exact catalog title; still requires visual check,https://www.audubon.org/art/birds-of-america/american-flamingo,https://historicpittsburgh.org/islandora/object/pitt%3Aaud0431,unverified - check exact scan,not reviewed,sources/431.jpg,https://media.audubon.org/boa_illustration/plate-431-american-flamingo.jpg,a8b94d959c39a980fc9a9b269d3c233c8e8acd15f5f3b23e79ce86eed3ee1820,present,https://commons.wikimedia.org/wiki/File:431_American_Flamingo.jpg
493,Red-billed Tropicbird,exact common name,Phaethon aethereus,Phaethon aethereus,Red-billed Tropicbird,phaethon-aethereus,,needs source,,,,,,,,,,,present,https://commons.wikimedia.org/wiki/File:PhaethonIndicusSmit.jpg
494,Jabiru,exact common name,Jabiru mycteria,Jabiru mycteria,Jabiru,jabiru-mycteria,,needs source,,,,,,,,,,,missing,
495,Brown Booby,exact common name,Sula leucogaster,Sula leucogaster,Brown Booby,sula-leucogaster,,needs source,,,,,,,,,,,present,https://commons.wikimedia.org/wiki/File:207_Booby_Gannet.jpg
496,Snail Kite,exact common name,Rostrhamus sociabilis,Rostrhamus sociabilis,Snail Kite,rostrhamus-sociabilis,,needs source,,,,,,,,,,,missing,
497,Flammulated Owl,exact common name,Psiloscops flammeolus,Psiloscops flammeolus,Flammulated Owl,psiloscops-flammeolus,,needs source,,,,,,,,,,,missing,
498,Western Red-billed Hornbill,exact common name,Tockus kempi,Tockus kempi,Western Red-billed Hornbill,tockus-kempi,,needs source,,,,,,,,,,,present,https://commons.wikimedia.org/wiki/File:Planches_enlumin%C3%A9es_d%27histoire_naturelle_(9932681986).jpg
499,Red-cockaded Woodpecker,exact common name,Leuconotopicus borealis,Dryobates borealis,Red-cockaded Woodpecker,leuconotopicus-borealis,,source downloaded - NOT a finished asset,390,Red-Cockaded Woodpecker,exact catalog title; still requires visual check,https://www.audubon.org/art/birds-of-america/lark-finch,https://historicpittsburgh.org/islandora/object/pitt%3Aaud0390,unverified - check exact scan,not reviewed,sources/390.jpg,https://media.audubon.org/boa_illustration/plate-390-lark-finch.jpg,3a237a9d6a171afa15751a37271bb38d6b8a870d4c59d0e05c2db7e68ce187c4,missing,
500,Ivory-billed Woodpecker,unresolved,,,,,Historical/conservation-status case; not ordinary present-day local coverage.,source downloaded - NOT a finished asset,66,Ivory-billed Woodpecker,exact catalog title; still requires visual check,https://www.audubon.org/art/birds-of-america/ivory-billed-woodpecker,https://historicpittsburgh.org/islandora/object/pitt%3Aaud0066,unverified - check exact scan,not reviewed,sources/066.jpg,https://media.audubon.org/boa_illustration/plate-66-ivory-billed-woodpecker.jpg,0300cd0d2d69dd9defcd797c17a7efbf3fba426b56a76228512b44c1261dc549,taxonomy-review,
501,Yellow-headed Caracara,exact common name,Daptrius chimachima,Milvago chimachima,Yellow-headed Caracara,daptrius-chimachima,,needs source,,,,,,,,,,,missing,
502,Cockatiel,exact common name,Nymphicus hollandicus,Nymphicus hollandicus,Cockatiel,nymphicus-hollandicus,,needs source,,,,,,,,,,,present,https://commons.wikimedia.org/wiki/File:Nymphicus_hollandicus_-Pal%C3%A6ornis_novae-hollandiae._New_HollandParrakeet_-by_Edward_Lear_1812-1888.jpg
503,Rose-ringed Parakeet,exact common name,Psittacula krameri,Psittacula krameri,Rose-ringed Parakeet,psittacula-krameri,,existing upstream,,,,,,,,,,,present,https://upload.wikimedia.org/wikipedia/commons/3/38/Keulemans_Onze_vogels_3_09.jpg
504,Budgerigar,exact common name,Melopsittacus undulatus,Melopsittacus undulatus,Budgerigar,melopsittacus-undulatus,,needs source,,,,,,,,,,,present,https://commons.wikimedia.org/wiki/File:Melopsittacus_undulatus_-Nanodes_undulatus_Undulated_parrakeet_-by_Edward_Lear_1812-1888.jpg
505,Rosy-faced Lovebird,exact common name,Agapornis roseicollis,Agapornis roseicollis,Rosy-faced Lovebird,agapornis-roseicollis,,needs source,,,,,,,,,,,missing,
506,Lilian's Lovebird,unresolved,,,,,,taxonomy review,,,,,,,,,,,taxonomy-review,
507,White-winged Parakeet,exact common name,Brotogeris versicolurus,Brotogeris versicolurus,White-winged Parakeet,brotogeris-versicolurus,,needs source,,,,,,,,,,,present,https://commons.wikimedia.org/wiki/File:Parrots_in_captivity_(Vol._3._PL._09)_Canary-Winged_Parrakeet_(8528370330).jpg
508,Yellow-chevroned Parakeet,exact common name,Brotogeris chiriri,Brotogeris chiriri,Yellow-chevroned Parakeet,brotogeris-chiriri,,needs source,,,,,,,,,,,missing,
509,Red-lored Amazon,explicit spelling/common-name alternative,Amazona autumnalis,Amazona autumnalis,Red-lored Parrot,amazona-autumnalis,,needs source,,,,,,,,,,,missing,
510,Hyacinth Macaw,exact common name,Anodorhynchus hyacinthinus,Anodorhynchus hyacinthinus,Hyacinth Macaw,anodorhynchus-hyacinthinus,,needs source,,,,,,,,,,,present,"https://commons.wikimedia.org/wiki/File:Musei_Leveriani_explicatio,_anglica_et_latina_BHL29568424.jpg"
511,Nanday Parakeet,exact common name,Aratinga nenday,Aratinga nenday,Nanday Parakeet,aratinga-nenday,,needs source,,,,,,,,,,,missing,
512,Blue-and-yellow Macaw,exact common name,Ara ararauna,Ara ararauna,Blue-and-yellow Macaw,ara-ararauna,,needs source,,,,,,,,,,,missing,
513,Blue-crowned Parakeet,exact common name,Thectocercus acuticaudatus,Thectocercus acuticaudatus,Blue-crowned Parakeet,thectocercus-acuticaudatus,,needs source,,,,,,,,,,,present,https://commons.wikimedia.org/wiki/File:Aratinga_acuticaudata_1849.jpg
514,Green Parakeet,exact common name,Psittacara holochlorus,Psittacara holochlorus,Green Parakeet,psittacara-holochlorus,,needs source,,,,,,,,,,,missing,
515,Mitred Parakeet,exact common name,Psittacara mitratus,Psittacara mitratus,Mitred Parakeet,psittacara-mitratus,,needs source,,,,,,,,,,,missing,
516,Red-masked Parakeet,exact common name,Psittacara erythrogenys,Psittacara erythrogenys,Red-masked Parakeet,psittacara-erythrogenys,,needs source,,,,,,,,,,,missing,
517,Greater Pewee,exact common name,Contopus pertinax,Contopus pertinax,Greater Pewee,contopus-pertinax,,needs source,,,,,,,,,,,missing,
518,Piratic Flycatcher,exact common name,Legatus leucophaius,Legatus leucophaius,Piratic Flycatcher,legatus-leucophaius,,needs source,,,,,,,,,,,present,https://commons.wikimedia.org/wiki/File:A_selection_of_the_birds_of_Brazil_and_Mexico_(Plate_50)_(5977227331).jpg
519,Tropical Kingbird,exact common name,Tyrannus melancholicus,Tyrannus melancholicus,Tropical Kingbird,tyrannus-melancholicus,,needs source,,,,,,,,,,,missing,
520,Cassin's Vireo,exact common name,Vireo cassinii,Vireo cassinii,Cassin's Vireo,vireo-cassinii,,needs source,,,,,,,,,,,missing,
521,Black-whiskered Vireo,exact common name,Vireo altiloquus,Vireo altiloquus,Black-whiskered Vireo,vireo-altiloquus,,needs source,,,,,,,,,,,missing,
522,Red-whiskered Bulbul,exact common name,Pycnonotus jocosus,Pycnonotus jocosus,Red-whiskered Bulbul,pycnonotus-jocosus,,needs source,,,,,,,,,,,missing,
523,Northern Red Bishop,exact common name,Euplectes franciscanus,Euplectes franciscanus,Northern Red Bishop,euplectes-franciscanus,,needs source,,,,,,,,,,,missing,
524,Bronze Mannikin,exact common name,Spermestes cucullata,Spermestes cucullata,Bronze Mannikin,spermestes-cucullata,,needs source,,,,,,,,,,,present,https://commons.wikimedia.org/wiki/File:Keulemans_Onze_vogels_1_43.jpg
525,Indian Silverbill,exact common name,Euodice malabarica,Euodice malabarica,Indian Silverbill,euodice-malabarica,,needs source,,,,,,,,,,,missing,
526,Orange-cheeked Waxbill,exact common name,Estrilda melpoda,Estrilda melpoda,Orange-cheeked Waxbill,estrilda-melpoda,,needs source,,,,,,,,,,,present,https://commons.wikimedia.org/wiki/File:Estrilda_melpoda_1876.jpg
527,Black-rumped Waxbill,exact common name,Estrilda troglodytes,Estrilda troglodytes,Black-rumped Waxbill,estrilda-troglodytes,,needs source,,,,,,,,,,,missing,
528,Pin-tailed Whydah,exact common name,Vidua macroura,Vidua macroura,Pin-tailed Whydah,vidua-macroura,,needs source,,,,,,,,,,,present,https://commons.wikimedia.org/wiki/File:Vidua_macroura_1869.jpg
529,European Goldfinch,exact common name,Carduelis carduelis,Carduelis carduelis,European Goldfinch,carduelis-carduelis,,existing upstream,,,,,,,,,,,present,https://commons.wikimedia.org/wiki/File:GouldBirdsEuropeIIIGoldfinch.jpg
530,Island Canary,exact common name,Serinus canaria,Serinus canaria,Island Canary,serinus-canaria,,needs source,,,,,,,,,,,present,https://commons.wikimedia.org/wiki/File:Serinus_canaria_1869.jpg
531,Seaside Sparrow,exact common name,Ammospiza maritima,Ammospiza maritima,Seaside Sparrow,ammospiza-maritima,,needs source,,,,,,,,,,,present,https://commons.wikimedia.org/wiki/File:The_birds_of_North_America_(PL._CXII)_(6022166185).jpg
532,Tropical Parula,exact common name,Setophaga pitiayumi,Setophaga pitiayumi,Tropical Parula,setophaga-pitiayumi,,needs source,,,,,,,,,,,missing,
533,Grace's Warbler,exact common name,Setophaga graciae,Setophaga graciae,Grace's Warbler,setophaga-graciae,,needs source,,,,,,,,,,,missing,
534,Painted Redstart,exact common name,Myioborus pictus,Myioborus pictus,Painted Redstart,myioborus-pictus,,needs source,,,,,,,,,,,missing,
